pad	0	3.92	60	0.24480002
pad	0	3.92	69	0.24480002
pad	0	3.92	71	0.24480002
pad	0	3.92	76	0.24480002
pad	4	3.92	60	0.24480002
pad	4	3.92	69	0.24480002
pad	4	3.92	71	0.24480002
pad	4	3.92	76	0.24480002
pad	8	3.92	62	0.24480002
pad	8	3.92	65	0.24480002
pad	8	3.92	69	0.24480002
pad	8	3.92	76	0.24480002
pad	12	3.92	60	0.24480002
pad	12	3.92	69	0.24480002
pad	12	3.92	71	0.24480002
pad	12	3.92	76	0.24480002
pad	16	3.92	60	0.24480002
pad	16	3.92	69	0.24480002
pad	16	3.92	71	0.24480002
pad	16	3.92	76	0.24480002
pad	20	3.92	60	0.24480002
pad	20	3.92	69	0.24480002
pad	20	3.92	71	0.24480002
pad	20	3.92	76	0.24480002
pad	24	3.92	62	0.24480002
pad	24	3.92	68	0.24480002
pad	24	3.92	71	0.24480002
pad	24	3.92	76	0.24480002
pad	28	3.92	62	0.24480002
pad	28	3.92	65	0.24480002
pad	28	3.92	69	0.24480002
pad	28	3.92	76	0.24480002
pad	32	3.92	60	0.289
pad	32	3.92	64	0.289
pad	32	3.92	67	0.289
pad	32	3.92	71	0.289
pad	36	3.92	64	0.289
pad	36	3.92	67	0.289
pad	36	3.92	72	0.289
pad	36	3.92	74	0.289
pad	40	3.92	65	0.289
pad	40	3.92	69	0.289
pad	40	3.92	74	0.289
pad	40	3.92	76	0.289
pad	44	3.92	59	0.289
pad	44	3.92	64	0.289
pad	44	3.92	68	0.289
pad	44	3.92	74	0.289
pad	48	1.96	59	0.24480002
pad	48	1.96	64	0.24480002
pad	48	1.96	67	0.24480002
pad	48	1.96	74	0.24480002
pad	50	1.96	59	0.24480002
pad	50	1.96	64	0.24480002
pad	50	1.96	67	0.24480002
pad	50	1.96	74	0.24480002
pad	52	1.96	59	0.24480002
pad	52	1.96	64	0.24480002
pad	52	1.96	67	0.24480002
pad	52	1.96	74	0.24480002
pad	54	1.96	61	0.24480002
pad	54	1.96	65	0.24480002
pad	54	1.96	68	0.24480002
pad	54	1.96	75	0.24480002
pad	56	1.96	60	0.24480002
pad	56	1.96	65	0.24480002
pad	56	1.96	69	0.24480002
pad	56	1.96	74	0.24480002
pad	58	1.96	60	0.24480002
pad	58	1.96	65	0.24480002
pad	58	1.96	69	0.24480002
pad	58	1.96	74	0.24480002
pad	60	1.96	62	0.24480002
pad	60	1.96	68	0.24480002
pad	60	1.96	71	0.24480002
pad	60	1.96	76	0.24480002
pad	62	1.96	60	0.24480002
pad	62	1.96	69	0.24480002
pad	62	1.96	71	0.24480002
pad	62	1.96	76	0.24480002
keys	0.5	0.9	83	0.25287503
keys	0.5	0.9	76	0.25287503
keys	0.5	0.9	72	0.25287503
keys	2.5	0.8	83	0.25287503
keys	2.5	0.8	72	0.25287503
keys	3.5	0.45	83	0.25287503
keys	3.5	0.45	76	0.25287503
keys	3.5	0.45	72	0.25287503
keys	5.5	0.8	83	0.25287503
keys	5.5	0.8	76	0.25287503
keys	5.5	0.8	72	0.25287503
keys	6.5	0.8	83	0.25287503
keys	6.5	0.8	72	0.25287503
keys	7.5	0.45	83	0.25287503
keys	7.5	0.45	76	0.25287503
keys	7.5	0.45	72	0.25287503
keys	8.5	0.9	81	0.25287503
keys	8.5	0.9	77	0.25287503
keys	8.5	0.9	76	0.25287503
keys	10.5	0.8	77	0.25287503
keys	10.5	0.8	76	0.25287503
keys	11.5	0.45	81	0.25287503
keys	11.5	0.45	77	0.25287503
keys	11.5	0.45	76	0.25287503
keys	12.5	0.9	83	0.25287503
keys	12.5	0.9	76	0.25287503
keys	12.5	0.9	72	0.25287503
keys	14.5	0.8	83	0.25287503
keys	14.5	0.8	72	0.25287503
keys	15.5	0.45	83	0.25287503
keys	15.5	0.45	76	0.25287503
keys	15.5	0.45	72	0.25287503
keys	17.5	0.8	83	0.25287503
keys	17.5	0.8	76	0.25287503
keys	17.5	0.8	72	0.25287503
keys	18.5	0.8	83	0.25287503
keys	18.5	0.8	72	0.25287503
keys	19.5	0.45	83	0.25287503
keys	19.5	0.45	76	0.25287503
keys	19.5	0.45	72	0.25287503
keys	20.5	0.8	83	0.25287503
keys	20.5	0.8	76	0.25287503
keys	20.5	0.8	72	0.25287503
keys	21.5	0.8	83	0.25287503
keys	21.5	0.8	72	0.25287503
keys	22.5	0.45	83	0.25287503
keys	22.5	0.45	76	0.25287503
keys	22.5	0.45	72	0.25287503
keys	24.5	0.8	76	0.25287503
keys	24.5	0.8	74	0.25287503
keys	24.5	0.8	68	0.25287503
keys	25.5	0.9	74	0.25287503
keys	25.5	0.9	68	0.25287503
keys	27.5	0.45	76	0.25287503
keys	27.5	0.45	74	0.25287503
keys	27.5	0.45	68	0.25287503
keys	28.5	0.8	76	0.25287503
keys	28.5	0.8	69	0.25287503
keys	28.5	0.8	65	0.25287503
keys	29.5	0.8	76	0.25287503
keys	29.5	0.8	65	0.25287503
keys	30.5	0.45	76	0.25287503
keys	30.5	0.45	69	0.25287503
keys	30.5	0.45	65	0.25287503
keys	31.5	0.5	65	0.2787947
keys	34.5	0.8	74	0.25287503
keys	34.5	0.8	71	0.25287503
keys	34.5	0.8	64	0.25287503
keys	35.5	0.45	71	0.25287503
keys	35.5	0.45	64	0.25287503
keys	37.5	0.8	74	0.25287503
keys	37.5	0.8	67	0.25287503
keys	37.5	0.8	64	0.25287503
keys	38.5	0.8	74	0.25287503
keys	38.5	0.8	64	0.25287503
keys	39.5	0.45	74	0.25287503
keys	39.5	0.45	67	0.25287503
keys	39.5	0.45	64	0.25287503
keys	42.5	0.8	76	0.25287503
keys	42.5	0.8	69	0.25287503
keys	42.5	0.8	65	0.25287503
keys	43.5	0.45	76	0.25287503
keys	43.5	0.45	65	0.25287503
keys	44.5	0.9	76	0.25287503
keys	44.5	0.9	74	0.25287503
keys	44.5	0.9	68	0.25287503
keys	46.5	0.8	74	0.25287503
keys	46.5	0.8	68	0.25287503
keys	47.5	0.45	76	0.25287503
keys	47.5	0.45	74	0.25287503
keys	47.5	0.45	68	0.25287503
keys	49.5	0.8	76	0.25287503
keys	49.5	0.8	74	0.25287503
keys	49.5	0.8	67	0.25287503
keys	50.5	0.8	74	0.25287503
keys	50.5	0.8	67	0.25287503
keys	51.5	0.45	76	0.25287503
keys	51.5	0.45	74	0.25287503
keys	51.5	0.45	67	0.25287503
keys	52.5	0.9	76	0.25287503
keys	52.5	0.9	74	0.25287503
keys	52.5	0.9	67	0.25287503
keys	54.5	0.8	75	0.25287503
keys	54.5	0.8	65	0.25287503
keys	55.5	0.45	75	0.25287503
keys	55.5	0.45	68	0.25287503
keys	55.5	0.45	65	0.25287503
keys	57.5	0.8	74	0.25287503
keys	57.5	0.8	72	0.25287503
keys	57.5	0.8	65	0.25287503
keys	58.5	0.8	72	0.25287503
keys	58.5	0.8	65	0.25287503
keys	59.5	0.45	74	0.25287503
keys	59.5	0.45	72	0.25287503
keys	59.5	0.45	65	0.25287503
keys	60.5	0.8	74	0.25287503
keys	60.5	0.8	71	0.25287503
keys	60.5	0.8	68	0.25287503
keys	61.5	0.9	76	0.25287503
keys	61.5	0.9	64	0.25287503
keys	63.5	0.45	76	0.25287503
keys	63.5	0.45	72	0.25287503
keys	63.5	0.45	71	0.25287503
bass	16	1.8	45	0.4256579
bass	18	1.8	40	0.36180922
bass	20	1.8	45	0.4256579
bass	22	1.8	40	0.36180922
bass	24	1.8	40	0.4256579
bass	26	1.8	35	0.36180922
bass	28	3.6	38	0.4299793
bass	32	1.8	36	0.4256579
bass	34	1.8	43	0.36180922
bass	36	1.8	36	0.4256579
bass	38	1.8	43	0.36180922
bass	40	1.8	38	0.4256579
bass	42	1.8	45	0.36180922
bass	44	1.8	40	0.4256579
bass	46	1.8	35	0.36180922
bass	48	1.8	40	0.4213365
bass	50	1.8	35	0.35813603
bass	52	1.8	40	0.4213365
bass	54	1.8	44	0.35813603
bass	56	1.8	38	0.4213365
bass	58	1.8	45	0.35813603
bass	60	1.8	40	0.4213365
bass	62	1.8	40	0.35813603
lead	16	0.41810325	69	0.7587882
lead	16.5	3	76	0.6686551
lead	23.5	0.36449113	81	0.8027176
lead	24	3	88	0.62506557
lead	32	0.3894031	83	0.73322254
lead	32.5	0.37749285	88	0.7221278
lead	33	0.7042787	89	0.79027355
lead	34	0.65038407	91	0.59197134
lead	35	3	88	0.78804463
lead	41	0.29373318	81	0.6651133
lead	41.5	0.38832653	88	0.58709514
lead	42	0.76621807	88	0.8024585
lead	43	0.7756307	89	0.58919317
lead	44	3	86	0.58464396
