beat	dur	label	pcs
0.000	4.000	Am6	[9, 0, 4, 6]
4.000	4.000	Am9	[9, 0, 4, 7, 11]
8.000	4.000	Am6	[9, 0, 4, 6]
12.000	4.000	Am9	[9, 0, 4, 7, 11]
16.000	4.000	Dm9	[2, 5, 9, 0, 4]
20.000	4.000	Dm7	[2, 5, 9, 0]
24.000	4.000	Am6	[9, 0, 4, 6]
28.000	4.000	Am9	[9, 0, 4, 7, 11]
32.000	4.000	Am6	[9, 0, 4, 6]
36.000	4.000	Am9	[9, 0, 4, 7, 11]
40.000	4.000	Am6	[9, 0, 4, 6]
44.000	4.000	Am9	[9, 0, 4, 7, 11]
48.000	4.000	Dm9	[2, 5, 9, 0, 4]
52.000	4.000	Dm7	[2, 5, 9, 0]
56.000	4.000	Am6	[9, 0, 4, 6]
60.000	4.000	Am9	[9, 0, 4, 7, 11]
64.000	4.000	Am6	[9, 0, 4, 6]
68.000	4.000	Am9	[9, 0, 4, 7, 11]
72.000	4.000	Am6	[9, 0, 4, 6]
76.000	4.000	Am9	[9, 0, 4, 7, 11]
80.000	4.000	Dm9	[2, 5, 9, 0, 4]
84.000	4.000	Dm7	[2, 5, 9, 0]
88.000	4.000	Am6	[9, 0, 4, 6]
92.000	4.000	Am9	[9, 0, 4, 7, 11]
96.000	4.000	Am6	[9, 0, 4, 6]
100.000	4.000	Am9	[9, 0, 4, 7, 11]
104.000	4.000	Am6	[9, 0, 4, 6]
108.000	4.000	Am9	[9, 0, 4, 7, 11]
112.000	4.000	Am6	[9, 0, 4, 6]
116.000	4.000	Am9	[9, 0, 4, 7, 11]
