beat	secs	role	role_note	midi	name	dur_beats	vel	audible_secs
0.0000	0.0000	pad	pad	60	C4	3.9200	0.216	2.2930
0.0000	0.0000	pad	pad	67	G4	3.9200	0.216	2.2930
0.0000	0.0000	pad	pad	69	A4	3.9200	0.216	2.2930
0.0000	0.0000	pad	pad	76	E5	3.9200	0.216	2.2930
4.0000	2.0339	pad	pad	60	C4	3.9200	0.216	2.2930
4.0000	2.0339	pad	pad	67	G4	3.9200	0.216	2.2930
4.0000	2.0339	pad	pad	71	B4	3.9200	0.216	2.2930
4.0000	2.0339	pad	pad	76	E5	3.9200	0.216	2.2930
8.0000	4.0678	pad	pad	60	C4	3.9200	0.216	2.2930
8.0000	4.0678	pad	pad	67	G4	3.9200	0.216	2.2930
8.0000	4.0678	pad	pad	69	A4	3.9200	0.216	2.2930
8.0000	4.0678	pad	pad	76	E5	3.9200	0.216	2.2930
12.0000	6.1017	pad	pad	60	C4	3.9200	0.216	2.2930
12.0000	6.1017	pad	pad	67	G4	3.9200	0.216	2.2930
12.0000	6.1017	pad	pad	71	B4	3.9200	0.216	2.2930
12.0000	6.1017	pad	pad	76	E5	3.9200	0.216	2.2930
16.0000	8.1356	pad	pad	60	C4	3.9200	0.151	2.2930
16.0000	8.1356	pad	pad	67	G4	3.9200	0.173	2.2930
17.0000	8.6441	pad	pad	69	A4	2.9200	0.194	1.7845
17.0000	8.6441	pad	pad	77	F5	2.9200	0.216	1.7845
20.0000	10.1695	pad	pad	64	E4	3.9200	0.162	2.2930
20.0000	10.1695	pad	pad	69	A4	3.9200	0.162	2.2930
20.0000	10.1695	pad	pad	79	G5	3.9200	0.162	2.2930
24.0000	12.2034	pad	pad	64	E4	3.9200	0.216	2.2930
24.0000	12.2034	pad	pad	69	A4	3.9200	0.216	2.2930
24.0000	12.2034	pad	pad	72	C5	3.9200	0.216	2.2930
24.0000	12.2034	pad	pad	79	G5	3.9200	0.216	2.2930
28.0000	14.2373	pad	pad	64	E4	3.9200	0.216	2.2930
28.0000	14.2373	pad	pad	71	B4	3.9200	0.216	2.2930
28.0000	14.2373	pad	pad	79	G5	3.9200	0.216	2.2930
32.0000	16.2712	pad	pad	64	E4	3.9200	0.191	2.2930
32.0000	16.2712	pad	pad	69	A4	3.9200	0.191	2.2930
32.0000	16.2712	pad	pad	72	C5	3.9200	0.191	2.2930
32.0000	16.2712	pad	pad	79	G5	3.9200	0.191	2.2930
36.0000	18.3051	pad	pad	64	E4	3.9200	0.191	2.2930
36.0000	18.3051	pad	pad	71	B4	3.9200	0.191	2.2930
36.0000	18.3051	pad	pad	79	G5	3.9200	0.191	2.2930
40.0000	20.3390	pad	pad	64	E4	3.9200	0.255	2.2930
40.0000	20.3390	pad	pad	69	A4	3.9200	0.255	2.2930
40.0000	20.3390	pad	pad	72	C5	3.9200	0.255	2.2930
40.0000	20.3390	pad	pad	79	G5	3.9200	0.255	2.2930
44.0000	22.3729	pad	pad	64	E4	3.9200	0.255	2.2930
44.0000	22.3729	pad	pad	71	B4	3.9200	0.255	2.2930
44.0000	22.3729	pad	pad	79	G5	3.9200	0.255	2.2930
48.0000	24.4068	pad	pad	65	F4	3.9200	0.151	2.2930
48.0000	24.4068	pad	pad	69	A4	3.9200	0.173	2.2930
49.0000	24.9153	pad	pad	72	C5	2.9200	0.194	1.7845
49.0000	24.9153	pad	pad	79	G5	2.9200	0.216	1.7845
52.0000	26.4407	pad	pad	65	F4	3.9200	0.162	2.2930
52.0000	26.4407	pad	pad	69	A4	3.9200	0.162	2.2930
52.0000	26.4407	pad	pad	76	E5	3.9200	0.162	2.2930
52.0000	26.4407	pad	pad	79	G5	3.9200	0.162	2.2930
56.0000	28.4746	pad	pad	60	C4	3.9200	0.216	2.2930
56.0000	28.4746	pad	pad	67	G4	3.9200	0.216	2.2930
56.0000	28.4746	pad	pad	69	A4	3.9200	0.216	2.2930
56.0000	28.4746	pad	pad	76	E5	3.9200	0.216	2.2930
60.0000	30.5085	pad	pad	60	C4	3.9200	0.216	2.2930
60.0000	30.5085	pad	pad	67	G4	3.9200	0.216	2.2930
60.0000	30.5085	pad	pad	71	B4	3.9200	0.216	2.2930
60.0000	30.5085	pad	pad	76	E5	3.9200	0.216	2.2930
64.0000	32.5424	pad	pad	60	C4	3.9200	0.216	2.2930
64.0000	32.5424	pad	pad	67	G4	3.9200	0.216	2.2930
64.0000	32.5424	pad	pad	69	A4	3.9200	0.216	2.2930
64.0000	32.5424	pad	pad	76	E5	3.9200	0.216	2.2930
68.0000	34.5763	pad	pad	60	C4	3.9200	0.216	2.2930
68.0000	34.5763	pad	pad	67	G4	3.9200	0.216	2.2930
68.0000	34.5763	pad	pad	71	B4	3.9200	0.216	2.2930
68.0000	34.5763	pad	pad	76	E5	3.9200	0.216	2.2930
72.0000	36.6102	pad	pad	60	C4	3.9200	0.216	2.2930
72.0000	36.6102	pad	pad	67	G4	3.9200	0.216	2.2930
72.0000	36.6102	pad	pad	69	A4	3.9200	0.216	2.2930
72.0000	36.6102	pad	pad	76	E5	3.9200	0.216	2.2930
76.0000	38.6441	pad	pad	60	C4	3.9200	0.216	2.2930
76.0000	38.6441	pad	pad	67	G4	3.9200	0.216	2.2930
76.0000	38.6441	pad	pad	71	B4	3.9200	0.216	2.2930
76.0000	38.6441	pad	pad	76	E5	3.9200	0.216	2.2930
80.0000	40.6780	pad	pad	67	G4	3.9200	0.151	2.2930
80.0000	40.6780	pad	pad	69	A4	3.9200	0.173	2.2930
81.0000	41.1864	pad	pad	72	C5	2.9200	0.194	1.7845
81.0000	41.1864	pad	pad	77	F5	2.9200	0.216	1.7845
84.0000	42.7119	pad	pad	69	A4	3.9200	0.162	2.2930
84.0000	42.7119	pad	pad	72	C5	3.9200	0.162	2.2930
84.0000	42.7119	pad	pad	76	E5	3.9200	0.162	2.2930
84.0000	42.7119	pad	pad	79	G5	3.9200	0.162	2.2930
88.0000	44.7458	pad	pad	69	A4	3.9200	0.162	2.2930
88.0000	44.7458	pad	pad	72	C5	3.9200	0.162	2.2930
88.0000	44.7458	pad	pad	76	E5	3.9200	0.162	2.2930
88.0000	44.7458	pad	pad	79	G5	3.9200	0.162	2.2930
92.0000	46.7797	pad	pad	71	B4	3.9200	0.162	2.2930
92.0000	46.7797	pad	pad	76	E5	3.9200	0.162	2.2930
92.0000	46.7797	pad	pad	79	G5	3.9200	0.162	2.2930
96.0000	48.8136	pad	pad	60	C4	3.9200	0.216	2.2930
96.0000	48.8136	pad	pad	67	G4	3.9200	0.216	2.2930
96.0000	48.8136	pad	pad	69	A4	3.9200	0.216	2.2930
96.0000	48.8136	pad	pad	76	E5	3.9200	0.216	2.2930
100.0000	50.8475	pad	pad	60	C4	3.9200	0.216	2.2930
100.0000	50.8475	pad	pad	67	G4	3.9200	0.216	2.2930
100.0000	50.8475	pad	pad	71	B4	3.9200	0.216	2.2930
100.0000	50.8475	pad	pad	76	E5	3.9200	0.216	2.2930
104.0000	52.8814	pad	pad	60	C4	3.9200	0.216	2.2930
104.0000	52.8814	pad	pad	67	G4	3.9200	0.216	2.2930
104.0000	52.8814	pad	pad	69	A4	3.9200	0.216	2.2930
104.0000	52.8814	pad	pad	76	E5	3.9200	0.216	2.2930
108.0000	54.9153	pad	pad	60	C4	3.9200	0.216	2.2930
108.0000	54.9153	pad	pad	67	G4	3.9200	0.216	2.2930
108.0000	54.9153	pad	pad	71	B4	3.9200	0.216	2.2930
108.0000	54.9153	pad	pad	76	E5	3.9200	0.216	2.2930
116.0000	58.9831	pad	pad	59	B3	3.9200	0.216	2.2930
116.0000	58.9831	pad	pad	76	E5	3.9200	0.216	2.2930
17.7500	9.0254	keys	comp	72	C5	0.4500	0.223	0.1370
17.7500	9.0254	keys	comp	69	A4	0.4500	0.223	0.1370
17.7500	9.0254	keys	comp	67	G4	0.4500	0.223	0.1370
18.0000	9.1525	keys	figure	72	C5	0.4500	0.246	0.1370
18.5000	9.4068	keys	figure	77	F5	0.4500	0.235	0.1370
19.0000	9.6610	keys	figure	81	A5	0.9000	0.235	0.1370
21.5000	10.9322	keys	comp	74	D5	0.6000	0.223	0.1370
21.5000	10.9322	keys	comp	69	A4	0.6000	0.223	0.1370
21.5000	10.9322	keys	comp	64	E4	0.6000	0.223	0.1370
22.2500	11.3136	keys	comp	69	A4	0.4500	0.223	0.1370
22.2500	11.3136	keys	comp	64	E4	0.4500	0.223	0.1370
26.2500	13.3475	keys	comp	74	D5	0.4500	0.223	0.1370
26.2500	13.3475	keys	comp	69	A4	0.4500	0.223	0.1370
26.2500	13.3475	keys	comp	64	E4	0.4500	0.223	0.1370
28.5000	14.4915	keys	comp	74	D5	0.9000	0.223	0.1370
28.5000	14.4915	keys	comp	71	B4	0.9000	0.223	0.1370
28.5000	14.4915	keys	comp	64	E4	0.9000	0.223	0.1370
30.5000	15.5085	keys	comp	71	B4	0.2000	0.223	0.1370
30.5000	15.5085	keys	comp	64	E4	0.2000	0.223	0.1370
30.7500	15.6356	keys	comp	74	D5	0.4500	0.223	0.1370
30.7500	15.6356	keys	comp	71	B4	0.4500	0.223	0.1370
30.7500	15.6356	keys	comp	64	E4	0.4500	0.223	0.1370
31.5000	16.0169	keys	answer	72	C5	0.2500	0.246	0.1370
31.7500	16.1441	keys	answer	76	E5	0.2500	0.239	0.1370
32.0000	16.2712	keys	hold	69	A4	1.9400	0.201	0.1370
32.0000	16.2712	keys	hold	64	E4	1.9400	0.201	0.1370
32.0000	16.2712	keys	answer	79	G5	0.5000	0.232	0.1370
34.2500	17.4153	keys	comp	74	D5	0.4500	0.223	0.1370
34.2500	17.4153	keys	comp	69	A4	0.4500	0.223	0.1370
34.2500	17.4153	keys	comp	64	E4	0.4500	0.223	0.1370
38.5000	19.5763	keys	comp	74	D5	0.2000	0.223	0.1370
38.5000	19.5763	keys	comp	71	B4	0.2000	0.223	0.1370
38.5000	19.5763	keys	comp	64	E4	0.2000	0.223	0.1370
38.7500	19.7034	keys	comp	71	B4	0.6000	0.223	0.1370
38.7500	19.7034	keys	comp	64	E4	0.6000	0.223	0.1370
39.5000	20.0847	keys	comp	74	D5	0.4500	0.223	0.1370
39.5000	20.0847	keys	comp	71	B4	0.4500	0.223	0.1370
39.5000	20.0847	keys	comp	64	E4	0.4500	0.223	0.1370
42.2500	21.4831	keys	comp	74	D5	0.4500	0.223	0.1370
42.2500	21.4831	keys	comp	69	A4	0.4500	0.223	0.1370
42.2500	21.4831	keys	comp	64	E4	0.4500	0.223	0.1370
45.5000	23.1356	keys	comp	74	D5	0.8000	0.223	0.1370
45.5000	23.1356	keys	comp	71	B4	0.8000	0.223	0.1370
45.5000	23.1356	keys	comp	64	E4	0.8000	0.223	0.1370
46.5000	23.6441	keys	comp	71	B4	0.2000	0.223	0.1370
46.5000	23.6441	keys	comp	64	E4	0.2000	0.223	0.1370
46.7500	23.7712	keys	comp	74	D5	0.4500	0.223	0.1370
46.7500	23.7712	keys	comp	71	B4	0.4500	0.223	0.1370
46.7500	23.7712	keys	comp	64	E4	0.4500	0.223	0.1370
53.5000	27.2034	keys	comp	74	D5	0.6000	0.223	0.1370
53.5000	27.2034	keys	comp	69	A4	0.6000	0.223	0.1370
53.5000	27.2034	keys	comp	64	E4	0.6000	0.223	0.1370
54.2500	27.5847	keys	comp	69	A4	0.2000	0.223	0.1370
54.2500	27.5847	keys	comp	64	E4	0.2000	0.223	0.1370
54.5000	27.7119	keys	comp	74	D5	0.4500	0.223	0.1370
54.5000	27.7119	keys	comp	69	A4	0.4500	0.223	0.1370
54.5000	27.7119	keys	comp	64	E4	0.4500	0.223	0.1370
58.2500	29.6186	keys	comp	74	D5	0.4500	0.223	0.1370
58.2500	29.6186	keys	comp	69	A4	0.4500	0.223	0.1370
58.2500	29.6186	keys	comp	64	E4	0.4500	0.223	0.1370
62.5000	31.7797	keys	comp	74	D5	0.2000	0.223	0.1370
62.5000	31.7797	keys	comp	71	B4	0.2000	0.223	0.1370
62.5000	31.7797	keys	comp	64	E4	0.2000	0.223	0.1370
62.7500	31.9068	keys	comp	71	B4	0.6000	0.223	0.1370
62.7500	31.9068	keys	comp	64	E4	0.6000	0.223	0.1370
63.5000	32.2881	keys	comp	74	D5	0.4500	0.223	0.1370
63.5000	32.2881	keys	comp	71	B4	0.4500	0.223	0.1370
63.5000	32.2881	keys	comp	64	E4	0.4500	0.223	0.1370
64.0000	32.5424	keys	answer	76	E5	0.4500	0.269	0.1370
64.5000	32.7966	keys	answer	69	A4	0.4500	0.273	0.1370
65.0000	33.0508	keys	answer	76	E5	0.4500	0.278	0.1370
65.5000	33.3051	keys	answer	69	A4	0.4500	0.283	0.1370
66.5000	33.8136	keys	comp	74	D5	0.8000	0.262	0.1370
66.5000	33.8136	keys	comp	69	A4	0.8000	0.262	0.1370
66.5000	33.8136	keys	comp	64	E4	0.8000	0.262	0.1370
67.5000	34.3220	keys	comp	69	A4	0.4500	0.262	0.1370
67.5000	34.3220	keys	comp	64	E4	0.4500	0.262	0.1370
74.2500	37.7542	keys	comp	74	D5	0.2000	0.262	0.1370
74.2500	37.7542	keys	comp	69	A4	0.2000	0.262	0.1370
74.2500	37.7542	keys	comp	64	E4	0.2000	0.262	0.1370
74.5000	37.8814	keys	comp	69	A4	0.8000	0.262	0.1370
74.5000	37.8814	keys	comp	64	E4	0.8000	0.262	0.1370
75.5000	38.3898	keys	comp	74	D5	0.4500	0.262	0.1370
75.5000	38.3898	keys	comp	69	A4	0.4500	0.262	0.1370
75.5000	38.3898	keys	comp	64	E4	0.4500	0.262	0.1370
78.0000	39.6610	keys	figure	72	C5	0.4500	0.289	0.1370
78.5000	39.9153	keys	figure	76	E5	0.4500	0.277	0.1370
79.0000	40.1695	keys	figure	79	G5	0.9000	0.277	0.1370
79.5000	40.4237	keys	comp	74	D5	0.2000	0.287	0.1370
79.5000	40.4237	keys	comp	71	B4	0.2000	0.287	0.1370
79.5000	40.4237	keys	comp	64	E4	0.2000	0.287	0.1370
79.7500	40.5508	keys	comp	72	C5	0.4500	0.262	0.1370
79.7500	40.5508	keys	comp	67	G4	0.4500	0.262	0.1370
81.7500	41.5678	keys	comp	72	C5	0.9000	0.223	0.1370
81.7500	41.5678	keys	comp	69	A4	0.9000	0.223	0.1370
81.7500	41.5678	keys	comp	67	G4	0.9000	0.223	0.1370
83.2500	42.3305	keys	comp	69	A4	0.4500	0.223	0.1370
83.2500	42.3305	keys	comp	67	G4	0.4500	0.223	0.1370
84.5000	42.9661	keys	unison	73	C#5	0.4500	0.245	0.1370
85.0000	43.2203	keys	unison	72	C5	1.3500	0.245	0.1370
86.2500	43.8559	keys	comp	74	D5	0.2000	0.223	0.1370
86.2500	43.8559	keys	comp	69	A4	0.2000	0.223	0.1370
86.2500	43.8559	keys	comp	64	E4	0.2000	0.223	0.1370
86.5000	43.9831	keys	comp	69	A4	0.8000	0.223	0.1370
86.5000	43.9831	keys	comp	64	E4	0.8000	0.223	0.1370
87.5000	44.4915	keys	comp	74	D5	0.4500	0.223	0.1370
87.5000	44.4915	keys	comp	69	A4	0.4500	0.223	0.1370
87.5000	44.4915	keys	comp	64	E4	0.4500	0.223	0.1370
88.0000	44.7458	keys	hold	69	A4	3.9000	0.236	0.1370
88.0000	44.7458	keys	hold	64	E4	3.9000	0.236	0.1370
93.5000	47.5424	keys	comp	74	D5	0.8000	0.262	0.1370
93.5000	47.5424	keys	comp	71	B4	0.8000	0.262	0.1370
93.5000	47.5424	keys	comp	64	E4	0.8000	0.262	0.1370
94.5000	48.0508	keys	comp	71	B4	0.2000	0.262	0.1370
94.5000	48.0508	keys	comp	64	E4	0.2000	0.262	0.1370
94.7500	48.1780	keys	comp	74	D5	0.4500	0.262	0.1370
94.7500	48.1780	keys	comp	71	B4	0.4500	0.262	0.1370
94.7500	48.1780	keys	comp	64	E4	0.4500	0.262	0.1370
98.2500	49.9576	keys	comp	74	D5	0.4500	0.223	0.1370
98.2500	49.9576	keys	comp	69	A4	0.4500	0.223	0.1370
98.2500	49.9576	keys	comp	64	E4	0.4500	0.223	0.1370
102.0000	51.8644	keys	figure	72	C5	0.4500	0.246	0.1370
102.5000	52.1186	keys	figure	76	E5	0.4500	0.235	0.1370
103.0000	52.3729	keys	figure	79	G5	0.9000	0.235	0.1370
106.2500	54.0254	keys	comp	74	D5	0.4500	0.223	0.1370
106.2500	54.0254	keys	comp	69	A4	0.4500	0.223	0.1370
106.2500	54.0254	keys	comp	64	E4	0.4500	0.223	0.1370
110.5000	56.1864	keys	comp	74	D5	0.2000	0.223	0.1370
110.5000	56.1864	keys	comp	71	B4	0.2000	0.223	0.1370
110.5000	56.1864	keys	comp	64	E4	0.2000	0.223	0.1370
110.7500	56.3136	keys	comp	71	B4	0.6000	0.223	0.1370
110.7500	56.3136	keys	comp	64	E4	0.6000	0.223	0.1370
111.5000	56.6949	keys	comp	74	D5	0.4500	0.223	0.1370
111.5000	56.6949	keys	comp	71	B4	0.4500	0.223	0.1370
111.5000	56.6949	keys	comp	64	E4	0.4500	0.223	0.1370
112.0000	56.9492	keys	comp	69	A4	0.9000	0.250	0.1370
112.0000	56.9492	keys	comp	64	E4	0.9000	0.250	0.1370
114.2500	58.0932	keys	comp	69	A4	0.2000	0.223	0.1370
114.2500	58.0932	keys	comp	64	E4	0.2000	0.223	0.1370
114.5000	58.2203	keys	comp	74	D5	0.4500	0.223	0.1370
114.5000	58.2203	keys	comp	69	A4	0.4500	0.223	0.1370
114.5000	58.2203	keys	comp	64	E4	0.4500	0.223	0.1370
115.0000	58.4746	keys	answer	72	C5	0.4500	0.228	0.1370
115.5000	58.7288	keys	answer	74	D5	0.4500	0.232	0.1370
116.0000	58.9831	keys	answer	76	E5	0.4500	0.236	0.1370
116.5000	59.2373	keys	answer	79	G5	0.4500	0.240	0.1370
118.5000	60.2542	keys	comp	74	D5	0.2000	0.223	0.1370
118.5000	60.2542	keys	comp	71	B4	0.2000	0.223	0.1370
118.5000	60.2542	keys	comp	64	E4	0.2000	0.223	0.1370
118.7500	60.3814	keys	comp	71	B4	0.6000	0.223	0.1370
118.7500	60.3814	keys	comp	64	E4	0.6000	0.223	0.1370
119.5000	60.7627	keys	comp	74	D5	0.4500	0.223	0.1370
119.5000	60.7627	keys	comp	71	B4	0.4500	0.223	0.1370
119.5000	60.7627	keys	comp	64	E4	0.4500	0.223	0.1370
0.0000	0.0000	bass	root	36	C2	1.8000	0.372	0.9992
2.0000	1.0169	bass	fifth	43	G2	0.2250	0.316	0.1983
2.2500	1.1441	bass	root	36	C2	1.1250	0.316	0.6560
3.5000	1.7797	bass	approach	35	B1	0.4500	0.316	0.3127
4.0000	2.0339	bass	root	36	C2	1.9000	0.376	1.0500
6.0000	3.0508	bass	quote	40	E2	0.4500	0.390	0.3127
6.5000	3.3051	bass	quote	43	G2	0.4500	0.397	0.3127
7.0000	3.5593	bass	quote	47	B2	0.4500	0.404	0.3127
7.5000	3.8136	bass	quote	48	C3	0.4500	0.411	0.3127
8.0000	4.0678	bass	root	36	C2	1.8000	0.372	0.9992
10.0000	5.0847	bass	fifth	43	G2	0.2250	0.316	0.1983
10.2500	5.2119	bass	root	36	C2	1.1250	0.316	0.6560
11.5000	5.8475	bass	approach	35	B1	0.4500	0.316	0.3127
12.0000	6.1017	bass	root	36	C2	2.4750	0.379	1.3424
14.7500	7.5000	bass	fifth	43	G2	0.6750	0.322	0.4271
15.5000	7.8814	bass	approach	40	E2	0.4500	0.322	0.3127
16.0000	8.1356	bass	root	41	F2	3.6000	0.382	1.9144
20.0000	10.1695	bass	root	41	F2	1.4250	0.386	0.8085
21.5000	10.9322	bass	answer	40	E2	0.2375	0.436	0.2047
21.7500	11.0593	bass	answer	43	G2	0.2375	0.423	0.2047
22.0000	11.1864	bass	answer	48	C3	0.5000	0.411	0.3382
24.0000	12.2034	bass	root	36	C2	1.8000	0.376	0.9992
26.0000	13.2203	bass	fifth	43	G2	1.3500	0.319	0.7704
27.5000	13.9831	bass	approach	35	B1	0.4500	0.319	0.3127
28.0000	14.2373	bass	root	36	C2	1.9000	0.383	1.0500
30.0000	15.2542	bass	quote	40	E2	0.4500	0.390	0.3127
30.5000	15.5085	bass	quote	43	G2	0.4500	0.397	0.3127
31.0000	15.7627	bass	quote	47	B2	0.4500	0.404	0.3127
31.5000	16.0169	bass	quote	48	C3	0.4500	0.411	0.3127
32.0000	16.2712	bass	root	36	C2	2.0250	0.401	1.1136
34.2500	17.4153	bass	fifth	43	G2	1.1250	0.341	0.6560
35.5000	18.0508	bass	approach	35	B1	0.4500	0.341	0.3127
36.0000	18.3051	bass	root	36	C2	2.2500	0.395	1.2280
38.5000	19.5763	bass	fifth	43	G2	0.2250	0.336	0.1983
38.7500	19.7034	bass	root	36	C2	0.6750	0.336	0.4271
39.5000	20.0847	bass	approach	35	B1	0.4500	0.336	0.3127
40.0000	20.3390	bass	root	36	C2	2.0250	0.385	1.1136
42.2500	21.4831	bass	fifth	43	G2	1.1250	0.327	0.6560
43.5000	22.1186	bass	approach	35	B1	0.4500	0.327	0.3127
44.0000	22.3729	bass	root	36	C2	2.4750	0.389	1.3424
46.7500	23.7712	bass	fifth	43	G2	1.1250	0.331	0.6560
48.0000	24.4068	bass	root	41	F2	1.5750	0.394	0.8848
49.7500	25.2966	bass	fifth	36	C2	1.3500	0.335	0.7704
51.2500	26.0593	bass	root	41	F2	0.6750	0.335	0.4271
52.0000	26.4407	bass	root	41	F2	2.0250	0.379	1.1136
54.2500	27.5847	bass	fifth	36	C2	1.1250	0.322	0.6560
55.5000	28.2203	bass	approach	37	C#2	0.4500	0.322	0.3127
56.0000	28.4746	bass	root	36	C2	3.1500	0.381	1.6856
59.5000	30.2542	bass	approach	35	B1	0.4500	0.324	0.3127
60.0000	30.5085	bass	root	36	C2	2.2500	0.385	1.2280
62.5000	31.7797	bass	fifth	43	G2	0.2250	0.327	0.1983
62.7500	31.9068	bass	root	36	C2	0.6750	0.327	0.4271
63.5000	32.2881	bass	approach	35	B1	0.4500	0.327	0.3127
64.0000	32.5424	bass	root	36	C2	3.6000	0.402	1.9144
68.0000	34.5763	bass	root	36	C2	3.6000	0.398	1.9144
72.0000	36.6102	bass	root	36	C2	2.0250	0.391	1.1136
74.2500	37.7542	bass	fifth	43	G2	0.2250	0.332	0.1983
74.5000	37.8814	bass	root	36	C2	0.9000	0.332	0.5416
75.5000	38.3898	bass	approach	35	B1	0.4500	0.332	0.3127
76.0000	38.6441	bass	root	36	C2	2.4750	0.400	1.3424
78.7500	40.0424	bass	fifth	43	G2	0.6750	0.340	0.4271
79.5000	40.4237	bass	approach	40	E2	0.4500	0.340	0.3127
80.0000	40.6780	bass	root	41	F2	1.5750	0.397	0.8848
81.7500	41.5678	bass	fifth	36	C2	1.3500	0.337	0.7704
83.2500	42.3305	bass	root	41	F2	0.6750	0.337	0.4271
84.0000	42.7119	bass	root	41	F2	0.4750	0.400	0.3255
84.5000	42.9661	bass	unison	49	C#3	0.4500	0.488	0.3127
85.0000	43.2203	bass	unison	48	C3	1.3500	0.488	0.7704
87.5000	44.4915	bass	answer	40	E2	0.2375	0.436	0.2047
87.7500	44.6186	bass	answer	43	G2	0.2375	0.423	0.2047
88.0000	44.7458	bass	root	36	C2	2.0250	0.398	1.1136
90.2500	45.8898	bass	fifth	43	G2	1.1250	0.339	0.6560
91.5000	46.5254	bass	approach	35	B1	0.4500	0.339	0.3127
92.0000	46.7797	bass	root	36	C2	2.4750	0.398	1.3424
94.7500	48.1780	bass	fifth	43	G2	1.1250	0.339	0.6560
96.0000	48.8136	bass	root	36	C2	2.0250	0.400	1.1136
98.2500	49.9576	bass	fifth	43	G2	1.1250	0.340	0.6560
99.5000	50.5932	bass	approach	35	B1	0.4500	0.340	0.3127
100.0000	50.8475	bass	root	36	C2	2.4750	0.412	1.3424
102.7500	52.2458	bass	fifth	43	G2	0.6750	0.350	0.4271
103.5000	52.6271	bass	approach	35	B1	0.4500	0.350	0.3127
104.0000	52.8814	bass	root	36	C2	2.0250	0.404	1.1136
106.2500	54.0254	bass	fifth	43	G2	1.1250	0.344	0.6560
107.5000	54.6610	bass	approach	35	B1	0.4500	0.344	0.3127
108.0000	54.9153	bass	root	36	C2	1.9000	0.408	1.0500
110.0000	55.9322	bass	quote	40	E2	0.4500	0.390	0.3127
110.5000	56.1864	bass	quote	43	G2	0.4500	0.397	0.3127
111.0000	56.4407	bass	quote	47	B2	0.4500	0.404	0.3127
111.5000	56.6949	bass	quote	48	C3	0.4500	0.411	0.3127
112.0000	56.9492	bass	root	36	C2	2.0250	0.410	1.1136
114.2500	58.0932	bass	fifth	43	G2	0.2250	0.349	0.1983
114.5000	58.2203	bass	root	36	C2	0.9000	0.349	0.5416
115.5000	58.7288	bass	approach	35	B1	0.4500	0.349	0.3127
116.0000	58.9831	bass	root	36	C2	2.4750	0.404	1.3424
118.7500	60.3814	bass	fifth	43	G2	0.6750	0.344	0.4271
119.5000	60.7627	bass	root	36	C2	0.4500	0.344	0.3127
16.5000	8.3898	lead	melody	60	C4	0.4500	0.790	0.0930
17.0000	8.6441	lead	melody	64	E4	0.4500	0.774	0.0930
17.5000	8.8983	lead	melody	65	F4	0.5000	0.774	0.0930
18.5000	9.4068	lead	melody	62	D4	0.4500	0.774	0.0930
19.0000	9.6610	lead	melody	69	A4	0.4500	0.790	0.0930
19.5000	9.9153	lead	melody	64	E4	0.5000	0.774	0.0930
20.5000	10.4237	lead	melody	61	C#4	0.4500	0.774	0.0930
21.0000	10.6780	lead	melody	60	C4	1.3500	0.790	0.0930
23.5000	11.9492	lead	melody	60	C4	0.4500	0.790	0.0930
24.0000	12.2034	lead	melody	64	E4	0.4500	0.790	0.0930
24.5000	12.4576	lead	melody	65	F4	0.5000	0.774	0.0930
25.5000	12.9661	lead	melody	64	E4	0.4500	0.774	0.0930
26.0000	13.2203	lead	melody	69	A4	0.4500	0.790	0.0930
26.5000	13.4746	lead	melody	65	F4	0.5000	0.774	0.0930
27.5000	13.9831	lead	melody	64	E4	0.4500	0.774	0.0930
28.0000	14.2373	lead	melody	60	C4	1.3500	0.790	0.0930
32.5000	16.5254	lead	melody	60	C4	0.4500	0.790	0.0930
33.0000	16.7797	lead	melody	64	E4	0.4500	0.774	0.0930
33.5000	17.0339	lead	melody	65	F4	0.5000	0.774	0.0930
34.5000	17.5424	lead	melody	64	E4	0.4500	0.774	0.0930
35.0000	17.7966	lead	melody	69	A4	0.4500	0.790	0.0930
35.5000	18.0508	lead	melody	65	F4	0.5000	0.774	0.0930
36.5000	18.5593	lead	melody	64	E4	0.4500	0.774	0.0930
37.0000	18.8136	lead	melody	60	C4	1.3500	0.790	0.0930
40.5000	20.5932	lead	melody	60	C4	0.4500	0.790	0.0930
41.0000	20.8475	lead	melody	64	E4	0.4500	0.774	0.0930
41.5000	21.1017	lead	melody	65	F4	0.5000	0.774	0.0930
42.5000	21.6102	lead	melody	64	E4	0.4500	0.774	0.0930
43.0000	21.8644	lead	melody	69	A4	0.4500	0.790	0.0930
43.5000	22.1186	lead	melody	65	F4	0.5000	0.774	0.0930
44.5000	22.6271	lead	melody	64	E4	0.4500	0.774	0.0930
45.0000	22.8814	lead	melody	60	C4	1.3500	0.790	0.0930
48.0000	24.4068	lead	melody	60	C4	0.4500	0.790	0.0930
48.5000	24.6610	lead	melody	65	F4	0.4500	0.774	0.0930
49.0000	24.9153	lead	melody	66	F#4	0.5000	0.774	0.0930
50.0000	25.4237	lead	melody	65	F4	0.4500	0.790	0.0930
50.5000	25.6780	lead	melody	72	C5	0.4500	0.790	0.0930
51.0000	25.9322	lead	melody	67	G4	0.5000	0.774	0.0930
52.0000	26.4407	lead	melody	64	E4	0.4500	0.790	0.0930
52.5000	26.6949	lead	melody	60	C4	1.3500	0.790	0.0930
55.5000	28.2203	lead	melody	60	C4	0.4500	0.790	0.0930
56.0000	28.4746	lead	melody	64	E4	0.4500	0.790	0.0930
56.5000	28.7288	lead	melody	65	F4	0.5000	0.774	0.0930
57.5000	29.2373	lead	melody	64	E4	0.4500	0.774	0.0930
58.0000	29.4915	lead	melody	69	A4	0.4500	0.790	0.0930
58.5000	29.7458	lead	melody	65	F4	0.5000	0.774	0.0930
59.5000	30.2542	lead	melody	64	E4	0.4500	0.774	0.0930
60.0000	30.5085	lead	melody	60	C4	1.3500	0.790	0.0930
80.5000	40.9322	lead	melody	60	C4	0.4500	0.790	0.0930
81.0000	41.1864	lead	melody	64	E4	0.4500	0.774	0.0930
81.5000	41.4407	lead	melody	65	F4	0.5000	0.774	0.0930
82.5000	41.9492	lead	melody	62	D4	0.4500	0.774	0.0930
83.0000	42.2034	lead	melody	69	A4	0.4500	0.790	0.0930
83.5000	42.4576	lead	melody	64	E4	0.5000	0.774	0.0930
84.5000	42.9661	lead	melody	61	C#4	0.4500	0.774	0.0930
85.0000	43.2203	lead	melody	60	C4	1.3500	0.790	0.0930
88.0000	44.7458	lead	melody	60	C4	0.4500	0.672	0.0930
88.5000	45.0000	lead	melody	64	E4	0.4500	0.658	0.0930
89.0000	45.2542	lead	melody	65	F4	0.5000	0.658	0.0930
90.0000	45.7627	lead	melody	64	E4	0.4500	0.672	0.0930
90.5000	46.0169	lead	melody	72	C5	0.4500	0.672	0.0930
91.0000	46.2712	lead	melody	65	F4	0.5000	0.658	0.0930
92.0000	46.7797	lead	melody	64	E4	0.4500	0.672	0.0930
92.5000	47.0339	lead	melody	60	C4	1.3500	0.672	0.0930
95.5000	48.5593	lead	melody	60	C4	0.4500	0.672	0.0930
96.0000	48.8136	lead	melody	64	E4	0.4500	0.790	0.0930
96.5000	49.0678	lead	melody	65	F4	0.5000	0.774	0.0930
97.5000	49.5763	lead	melody	64	E4	0.4500	0.774	0.0930
98.0000	49.8305	lead	melody	69	A4	0.4500	0.790	0.0930
98.5000	50.0847	lead	melody	65	F4	0.5000	0.774	0.0930
99.5000	50.5932	lead	melody	64	E4	0.4500	0.774	0.0930
100.0000	50.8475	lead	melody	60	C4	1.3500	0.790	0.0930
104.5000	53.1356	lead	melody	60	C4	0.4500	0.790	0.0930
105.0000	53.3898	lead	melody	64	E4	0.4500	0.774	0.0930
105.5000	53.6441	lead	melody	65	F4	0.5000	0.774	0.0930
106.5000	54.1525	lead	melody	64	E4	0.4500	0.774	0.0930
107.0000	54.4068	lead	melody	69	A4	0.4500	0.790	0.0930
107.5000	54.6610	lead	melody	65	F4	0.5000	0.774	0.0930
108.5000	55.1695	lead	melody	64	E4	0.4500	0.774	0.0930
109.0000	55.4237	lead	melody	60	C4	1.3500	0.790	0.0930
