case	phase	law	status	detail
G12	source	generation	PASS	returned a candidate; admission checked separately
G12	source	declared-grammar	PASS	grammar=PropulsiveReturn; declared_composer=StablePropulsion; self_reported_composer=StablePropulsion
G12	source	canonical-inventory	PASS	song=cc573a23736b41fb; plan=11b15f894ccc8bbf; score=b05231cc9862e01d; notes=41; drums=0; length=9.25; tempo=83
G12	source	score-domain	PASS	all score domains valid
G12	source	song-projection	FAIL	SongMapConformance: FAIL (song 0x29ef20d10f915e8e, performed 0x29ef20d10f915e8e; 1 identity sites, 2 landmarks, 3 chord changes checked)\n  missing_theme_site: phrase 1 (not stated)
G12	source	pitch-function-presence	PASS	unclassified=[]
G12	source	temporal-function	PASS	false_function_claims=0\nfalse_suspensions=0\nbroken_anticipations=0\norphan_extensions=5\norphan_structural_extensions=3\nunresolved_tendencies=0\nbad_arrivals=0\nguide_path_misses=1\npath_breaks_at_harmony_changes=0\nlocally_legal_globally_unexplained=5\nambiguous_voices=8\nbeat 8.0000 role pad pitch B4 (71) duration 1.2250\n  current C6 @ 8.00 previous none next none next_structural none destination none\n  declared Some(LicensedExtension); local [LicensedExtension]; vertical: {"UNOWNED", "stable-color"} (written ensemble slices; world-free lenient color budget); path Orphaned Some(OrphanColor)\n  previous note E5 @ 4.00 dur 3.92; next note none; structural_proxy=true ambiguous_voice=false\n  reason: available extension has no retained common tone, bounded core resolution, or explicit open endpoint\nbeat 0.0000 role keys pitch D5 (74) duration 3.9000\n  current C6 @ 0.00 previous none next Cmaj7 @ 4.00 next_structural none destination none\n  declared Some(LicensedExtension); local [LicensedExtension]; vertical: {"owned-tension", "stable-color"} (written ensemble slices; world-free lenient color budget); path Orphaned Some(OrphanColor)\n  previous note none; next note none; structural_proxy=true ambiguous_voice=false\n  reason: available extension has no retained common tone, bounded core resolution, or explicit open endpoint\n  next guide targets: [4, 11]\nbeat 5.5000 role keys pitch D5 (74) duration 0.2000\n  current Cmaj7 @ 4.00 previous none next C6 @ 8.00 next_structural none destination none\n  declared Some(LicensedExtension); local [LicensedExtension]; vertical: {"UNOWNED"} (written ensemble slices; world-free lenient color budget); path Orphaned Some(OrphanColor)\n  previous note none; next note none; structural_proxy=false ambiguous_voice=true\n  reason: available extension has no retained common tone, bounded core resolution, or explicit open endpoint\n  next guide targets: [4, 9]\nbeat 6.7500 role keys pitch D5 (74) duration 0.4500\n  current Cmaj7 @ 4.00 previous none next C6 @ 8.00 next_structural none destination none\n  declared Some(LicensedExtension); local [LicensedExtension]; vertical: {"UNOWNED"} (written ensemble slices; world-free lenient color budget); path Orphaned Some(OrphanColor)\n  previous note none; next note D5 @ 7.00 dur 0.97; structural_proxy=false ambiguous_voice=true\n  reason: available extension has no retained common tone, bounded core resolution, or explicit open endpoint\n  next guide targets: [4, 9]\nbeat 7.0000 role keys pitch D5 (74) duration 0.9700\n  current Cmaj7 @ 4.00 previous none next C6 @ 8.00 next_structural none destination none\n  declared Some(LicensedExtension); local [LicensedExtension]; vertical: {"UNOWNED", "stable-color"} (written ensemble slices; world-free lenient color budget); path Orphaned Some(OrphanColor)\n  previous note D5 @ 6.75 dur 0.45; next note none; structural_proxy=true ambiguous_voice=false\n  reason: available extension has no retained common tone, bounded core resolution, or explicit open endpoint; structural color approaches harmony change without observed guide/core path\n  next guide targets: [4, 9]\n
G12	source	held-identity	PASS	identity: 38 slices, 0 rival runs, 0 flipped (-0.000 s), hold 0.5 s\n
G12	source	action-receipts	FAIL	causal witnesses (events stamped with the action's id, held to its contract — NOT a quality score):\n  witnessed 9/16 actions  (stamped 9/16, absence 0, harmonic 0)\n  push=1/2 hit=2/4 hold=1/2 resolve=1/2 fragment=2/2 thicken=0/2 fill=1/1 answer=1/1\n  UNWITNESSED a0 push (0 stamped events) — expected stamped players on the push step (two for an ensemble push), ahead of the target\n  UNWITNESSED a2 hold (3 stamped events) — expected a stamped keys/pad voicing sustained across the hold\n  UNWITNESSED a3 thicken (0 stamped events) — expected stamped pad notes adding an upper layer or more simultaneous voices\n  UNWITNESSED a4 hit (0 stamped events) — expected stamped players striking the hit together (two for an ensemble hit)\n  UNWITNESSED a5 hit (0 stamped events) — expected stamped players striking the hit together (two for an ensemble hit)\n  UNWITNESSED a6 resolve (0 stamped events) — expected a stamped chord-tone arrival on the intended harmony (the expected target or home)\n  UNWITNESSED a11 thicken (0 stamped events) — expected stamped pad notes adding an upper layer or more simultaneous voices\n
G12	source	stage-boundary	PASS	authoritative violations=[]; diagnostic raw-onset disagreements=[]
G12	source	causal-hearing	PASS	stale=[]
G12	source	guard:hearing-ledger-coverage	PASS	missing=[]; ledgers=8
G12	source	continuation-identity	PASS	violations=[]; edges=[]
G12	source	guard:direct-voice-lifetime	PASS	failures=[]
G12	source	occupancy-contract	FAIL	violations=["invalid reservation for Bass"]
G12	source	guard:semantic-occupancy	PASS	failures=[]; ownership=[AuthoredOccupancy { role: Lead, rhythm: [], spans: [] }, AuthoredOccupancy { role: Bass, rhythm: [RhythmReservation { beat: 6.0, end_beat: 6.449999988079071, structural: true, material: Some(MaterialId(2)), actions: ActionStamp { ids: [Some(ActionId(9)), None, None] } }, RhythmReservation { beat: 6.5, end_beat: 6.949999988079071, structural: true, material: Some(MaterialId(2)), actions: ActionStamp { ids: [Some(ActionId(9)), None, None] } }, RhythmReservation { beat: 7.0, end_beat: 7.449999988079071, structural: true, material: Some(MaterialId(2)), actions: ActionStamp { ids: [Some(ActionId(9)), None, None] } }, RhythmReservation { beat: 7.5, end_beat: 7.949999988079071, structural: true, material: Some(MaterialId(2)), actions: ActionStamp { ids: [Some(ActionId(9)), None, None] } }, RhythmReservation { beat: 8.0, end_beat: 11.599999904632568, structural: true, material: None, actions: ActionStamp { ids: [Some(ActionId(12)), Some(ActionId(13)), Some(ActionId(14))] } }], spans: [OwnershipSpan { start: 6.0, end: 7.95, material: Some(MaterialId(2)), kind: Phrase }, OwnershipSpan { start: 6.0, end: 8.0, material: None, kind: Action }, OwnershipSpan { start: 8.0, end: 8.5, material: None, kind: Action }, OwnershipSpan { start: 8.0, end: 8.5, material: None, kind: Action }, OwnershipSpan { start: 8.0, end: 9.25, material: None, kind: Action }] }]
G12	source	phrase-destinations	PASS	missing=[]
G12	extraction	generated-projection	FAIL	MissingAxis(Motif)
