case	status	checks	failures
G01	FAIL	18	2
G02	FAIL	42	6
G03	FAIL	18	2
G04	FAIL	21	2
G05	FAIL	18	1
G06	FAIL	21	3
G07	FAIL	42	1
G08	FAIL	47	3
G09	FAIL	21	1
G10	FAIL	18	2
G11	FAIL	18	2
G12	FAIL	18	4
G13	FAIL	18	3
G14	FAIL	40	2
G15	FAIL	18	1
G16	FAIL	43	4
G17	FAIL	42	3
G18	FAIL	18	1
G19	FAIL	40	1
G20	FAIL	18	2
G21	FAIL	18	2
G22	FAIL	21	4
G23	FAIL	47	2
G24	FAIL	40	2
G25	FAIL	18	1
G26	FAIL	43	3
G27	FAIL	18	3
G28	FAIL	18	2
G29	PASS	40	0
G30	FAIL	18	2
E01	PASS	25	0
E02	PASS	25	0
E03	PASS	25	0
E04	PASS	25	0
E05	PASS	25	0
E06	PASS	25	0
TOTAL	FAIL	970	67
