index	beat	duration	role	pitch	name	function	material	role_note
0	0.00000000000000000	3.920000076	pad	60	C4	Some(ChordTone)	None	pad
1	0.00000000000000000	3.920000076	pad	67	G4	Some(ChordTone)	None	pad
2	0.00000000000000000	3.920000076	pad	69	A4	Some(ChordTone)	None	pad
3	0.00000000000000000	3.920000076	pad	76	E5	Some(ChordTone)	None	pad
4	4.00000000000000000	3.920000076	pad	60	C4	Some(ChordTone)	None	pad
5	4.00000000000000000	3.920000076	pad	67	G4	Some(ChordTone)	None	pad
6	4.00000000000000000	3.920000076	pad	71	B4	Some(ChordTone)	None	pad
7	4.00000000000000000	3.920000076	pad	76	E5	Some(ChordTone)	None	pad
8	8.00000000000000000	3.920000076	pad	60	C4	Some(ChordTone)	None	pad
9	8.00000000000000000	3.920000076	pad	67	G4	Some(ChordTone)	None	pad
10	8.00000000000000000	3.920000076	pad	69	A4	Some(ChordTone)	None	pad
11	8.00000000000000000	3.920000076	pad	76	E5	Some(ChordTone)	None	pad
12	12.00000000000000000	3.920000076	pad	60	C4	Some(ChordTone)	None	pad
13	12.00000000000000000	3.920000076	pad	67	G4	Some(ChordTone)	None	pad
14	12.00000000000000000	3.920000076	pad	71	B4	Some(ChordTone)	None	pad
15	12.00000000000000000	3.920000076	pad	76	E5	Some(ChordTone)	None	pad
16	16.00000000000000000	3.920000076	pad	60	C4	Some(ChordTone)	None	pad
17	16.00000000000000000	3.920000076	pad	67	G4	Some(ChordTone)	None	pad
18	17.00000000000000000	2.920000076	pad	69	A4	Some(ChordTone)	None	pad
19	17.00000000000000000	2.920000076	pad	77	F5	Some(ChordTone)	None	pad
20	20.00000000000000000	3.920000076	pad	64	E4	Some(ChordTone)	None	pad
21	20.00000000000000000	3.920000076	pad	69	A4	Some(ChordTone)	None	pad
22	20.00000000000000000	3.920000076	pad	79	G5	Some(ChordTone)	None	pad
23	20.00000000000000000	3.920000076	pad	86	D6	Some(LicensedExtension)	None	pad
24	24.00000000000000000	3.920000076	pad	64	E4	Some(ChordTone)	None	pad
25	24.00000000000000000	3.920000076	pad	69	A4	Some(ChordTone)	None	pad
26	24.00000000000000000	3.920000076	pad	72	C5	Some(ChordTone)	None	pad
27	24.00000000000000000	3.920000076	pad	79	G5	Some(ChordTone)	None	pad
28	28.00000000000000000	3.920000076	pad	64	E4	Some(ChordTone)	None	pad
29	28.00000000000000000	3.920000076	pad	71	B4	Some(ChordTone)	None	pad
30	28.00000000000000000	3.920000076	pad	72	C5	Some(ChordTone)	None	pad
31	28.00000000000000000	3.920000076	pad	79	G5	Some(ChordTone)	None	pad
32	32.00000000000000000	3.920000076	pad	64	E4	Some(ChordTone)	None	pad
33	32.00000000000000000	3.920000076	pad	69	A4	Some(ChordTone)	None	pad
34	32.00000000000000000	3.920000076	pad	72	C5	Some(ChordTone)	None	pad
35	32.00000000000000000	3.920000076	pad	79	G5	Some(ChordTone)	None	pad
36	36.00000000000000000	3.920000076	pad	64	E4	Some(ChordTone)	None	pad
37	36.00000000000000000	3.920000076	pad	71	B4	Some(ChordTone)	None	pad
38	36.00000000000000000	3.920000076	pad	72	C5	Some(ChordTone)	None	pad
39	36.00000000000000000	3.920000076	pad	79	G5	Some(ChordTone)	None	pad
40	40.00000000000000000	3.920000076	pad	64	E4	Some(ChordTone)	None	pad
41	40.00000000000000000	3.920000076	pad	69	A4	Some(ChordTone)	None	pad
42	40.00000000000000000	3.920000076	pad	72	C5	Some(ChordTone)	None	pad
43	40.00000000000000000	3.920000076	pad	79	G5	Some(ChordTone)	None	pad
44	44.00000000000000000	3.920000076	pad	64	E4	Some(ChordTone)	None	pad
45	44.00000000000000000	3.920000076	pad	71	B4	Some(ChordTone)	None	pad
46	44.00000000000000000	3.920000076	pad	72	C5	Some(ChordTone)	None	pad
47	44.00000000000000000	3.920000076	pad	79	G5	Some(ChordTone)	None	pad
48	48.00000000000000000	3.920000076	pad	65	F4	Some(ChordTone)	None	pad
49	48.00000000000000000	3.920000076	pad	69	A4	Some(ChordTone)	None	pad
50	49.00000000000000000	2.920000076	pad	72	C5	Some(ChordTone)	None	pad
51	49.00000000000000000	2.920000076	pad	79	G5	Some(ChordTone)	None	pad
52	52.00000000000000000	3.920000076	pad	65	F4	Some(ChordTone)	None	pad
53	52.00000000000000000	3.920000076	pad	69	A4	Some(ChordTone)	None	pad
54	52.00000000000000000	3.920000076	pad	76	E5	Some(ChordTone)	None	pad
55	52.00000000000000000	3.920000076	pad	79	G5	Some(ChordTone)	None	pad
56	56.00000000000000000	3.920000076	pad	60	C4	Some(ChordTone)	None	pad
57	56.00000000000000000	3.920000076	pad	67	G4	Some(ChordTone)	None	pad
58	56.00000000000000000	3.920000076	pad	69	A4	Some(ChordTone)	None	pad
59	56.00000000000000000	3.920000076	pad	76	E5	Some(ChordTone)	None	pad
60	60.00000000000000000	3.920000076	pad	60	C4	Some(ChordTone)	None	pad
61	60.00000000000000000	3.920000076	pad	67	G4	Some(ChordTone)	None	pad
62	60.00000000000000000	3.920000076	pad	71	B4	Some(ChordTone)	None	pad
63	60.00000000000000000	3.920000076	pad	76	E5	Some(ChordTone)	None	pad
64	64.00000000000000000	3.920000076	pad	60	C4	Some(ChordTone)	None	pad
65	64.00000000000000000	3.920000076	pad	67	G4	Some(ChordTone)	None	pad
66	64.00000000000000000	3.920000076	pad	69	A4	Some(ChordTone)	None	pad
67	64.00000000000000000	3.920000076	pad	76	E5	Some(ChordTone)	None	pad
68	68.00000000000000000	3.920000076	pad	60	C4	Some(ChordTone)	None	pad
69	68.00000000000000000	3.920000076	pad	67	G4	Some(ChordTone)	None	pad
70	68.00000000000000000	3.920000076	pad	71	B4	Some(ChordTone)	None	pad
71	68.00000000000000000	3.920000076	pad	76	E5	Some(ChordTone)	None	pad
72	72.00000000000000000	3.920000076	pad	60	C4	Some(ChordTone)	None	pad
73	72.00000000000000000	3.920000076	pad	67	G4	Some(ChordTone)	None	pad
74	72.00000000000000000	3.920000076	pad	69	A4	Some(ChordTone)	None	pad
75	72.00000000000000000	3.920000076	pad	76	E5	Some(ChordTone)	None	pad
76	76.00000000000000000	3.920000076	pad	60	C4	Some(ChordTone)	None	pad
77	76.00000000000000000	3.920000076	pad	67	G4	Some(ChordTone)	None	pad
78	76.00000000000000000	3.920000076	pad	71	B4	Some(ChordTone)	None	pad
79	76.00000000000000000	3.920000076	pad	76	E5	Some(ChordTone)	None	pad
80	80.00000000000000000	3.920000076	pad	67	G4	Some(ChordTone)	None	pad
81	80.00000000000000000	3.920000076	pad	69	A4	Some(ChordTone)	None	pad
82	81.00000000000000000	2.920000076	pad	72	C5	Some(ChordTone)	None	pad
83	81.00000000000000000	2.920000076	pad	77	F5	Some(ChordTone)	None	pad
84	84.00000000000000000	3.920000076	pad	69	A4	Some(ChordTone)	None	pad
85	84.00000000000000000	3.920000076	pad	72	C5	Some(ChordTone)	None	pad
86	84.00000000000000000	3.920000076	pad	76	E5	Some(ChordTone)	None	pad
87	84.00000000000000000	3.920000076	pad	79	G5	Some(ChordTone)	None	pad
88	88.00000000000000000	3.920000076	pad	69	A4	Some(ChordTone)	None	pad
89	88.00000000000000000	3.920000076	pad	72	C5	Some(ChordTone)	None	pad
90	88.00000000000000000	3.920000076	pad	76	E5	Some(ChordTone)	None	pad
91	88.00000000000000000	3.920000076	pad	79	G5	Some(ChordTone)	None	pad
92	92.00000000000000000	3.920000076	pad	71	B4	Some(ChordTone)	None	pad
93	92.00000000000000000	3.920000076	pad	74	D5	Some(LicensedExtension)	None	pad
94	92.00000000000000000	3.920000076	pad	76	E5	Some(ChordTone)	None	pad
95	92.00000000000000000	3.920000076	pad	79	G5	Some(ChordTone)	None	pad
96	96.00000000000000000	3.920000076	pad	60	C4	Some(ChordTone)	None	pad
97	96.00000000000000000	3.920000076	pad	67	G4	Some(ChordTone)	None	pad
98	96.00000000000000000	3.920000076	pad	69	A4	Some(ChordTone)	None	pad
99	96.00000000000000000	3.920000076	pad	76	E5	Some(ChordTone)	None	pad
100	100.00000000000000000	3.920000076	pad	60	C4	Some(ChordTone)	None	pad
101	100.00000000000000000	3.920000076	pad	67	G4	Some(ChordTone)	None	pad
102	100.00000000000000000	3.920000076	pad	71	B4	Some(ChordTone)	None	pad
103	100.00000000000000000	3.920000076	pad	76	E5	Some(ChordTone)	None	pad
104	104.00000000000000000	3.920000076	pad	60	C4	Some(ChordTone)	None	pad
105	104.00000000000000000	3.920000076	pad	67	G4	Some(ChordTone)	None	pad
106	104.00000000000000000	3.920000076	pad	69	A4	Some(ChordTone)	None	pad
107	104.00000000000000000	3.920000076	pad	76	E5	Some(ChordTone)	None	pad
108	108.00000000000000000	3.920000076	pad	60	C4	Some(ChordTone)	None	pad
109	108.00000000000000000	3.920000076	pad	67	G4	Some(ChordTone)	None	pad
110	108.00000000000000000	3.920000076	pad	71	B4	Some(ChordTone)	None	pad
111	108.00000000000000000	3.920000076	pad	76	E5	Some(ChordTone)	None	pad
112	116.00000000000000000	3.920000076	pad	59	B3	Some(ChordTone)	None	pad
113	116.00000000000000000	3.920000076	pad	69	A4	Some(LicensedExtension)	None	pad
114	116.00000000000000000	3.920000076	pad	72	C5	Some(ChordTone)	None	pad
115	116.00000000000000000	3.920000076	pad	76	E5	Some(ChordTone)	None	pad
116	17.75000000000000000	0.449999988	keys	72	C5	Some(ChordTone)	None	comp
117	17.75000000000000000	0.449999988	keys	69	A4	Some(ChordTone)	None	comp
118	17.75000000000000000	0.449999988	keys	67	G4	Some(ChordTone)	None	comp
119	18.00000000000000000	0.449999988	keys	72	C5	Some(ChordTone)	Some(MaterialId(2))	figure
120	18.50000000000000000	0.449999988	keys	77	F5	Some(ChordTone)	Some(MaterialId(2))	figure
121	19.00000000000000000	0.899999976	keys	81	A5	Some(ChordTone)	Some(MaterialId(2))	figure
122	21.50000000000000000	0.600000024	keys	74	D5	Some(LicensedExtension)	None	comp
123	21.50000000000000000	0.600000024	keys	69	A4	Some(ChordTone)	None	comp
124	21.50000000000000000	0.600000024	keys	64	E4	Some(ChordTone)	None	comp
125	22.25000000000000000	0.449999988	keys	69	A4	Some(ChordTone)	None	comp
126	22.25000000000000000	0.449999988	keys	64	E4	Some(ChordTone)	None	comp
127	26.25000000000000000	0.449999988	keys	74	D5	Some(LicensedExtension)	None	comp
128	26.25000000000000000	0.449999988	keys	69	A4	Some(ChordTone)	None	comp
129	26.25000000000000000	0.449999988	keys	64	E4	Some(ChordTone)	None	comp
130	28.50000000000000000	0.899999976	keys	74	D5	Some(LicensedExtension)	None	comp
131	28.50000000000000000	0.899999976	keys	71	B4	Some(ChordTone)	None	comp
132	28.50000000000000000	0.899999976	keys	64	E4	Some(ChordTone)	None	comp
133	30.50000000000000000	0.200000003	keys	71	B4	Some(ChordTone)	None	comp
134	30.50000000000000000	0.200000003	keys	64	E4	Some(ChordTone)	None	comp
135	30.75000000000000000	0.449999988	keys	74	D5	Some(LicensedExtension)	None	comp
136	30.75000000000000000	0.449999988	keys	71	B4	Some(ChordTone)	None	comp
137	30.75000000000000000	0.449999988	keys	64	E4	Some(ChordTone)	None	comp
138	31.50000000000000000	0.250000000	keys	72	C5	Some(ChordTone)	Some(MaterialId(21))	answer
139	31.75000000000000000	0.250000000	keys	76	E5	Some(ChordTone)	Some(MaterialId(21))	answer
140	32.00000000000000000	1.940000057	keys	74	D5	Some(LicensedExtension)	None	hold
141	32.00000000000000000	1.940000057	keys	69	A4	Some(ChordTone)	None	hold
142	32.00000000000000000	1.940000057	keys	64	E4	Some(ChordTone)	None	hold
143	32.00000000000000000	0.500000000	keys	79	G5	Some(ChordTone)	Some(MaterialId(21))	answer
144	34.25000000000000000	0.449999988	keys	74	D5	Some(LicensedExtension)	None	comp
145	34.25000000000000000	0.449999988	keys	69	A4	Some(ChordTone)	None	comp
146	34.25000000000000000	0.449999988	keys	64	E4	Some(ChordTone)	None	comp
147	38.50000000000000000	0.200000003	keys	74	D5	Some(LicensedExtension)	None	comp
148	38.50000000000000000	0.200000003	keys	71	B4	Some(ChordTone)	None	comp
149	38.50000000000000000	0.200000003	keys	64	E4	Some(ChordTone)	None	comp
150	38.75000000000000000	0.600000024	keys	71	B4	Some(ChordTone)	None	comp
151	38.75000000000000000	0.600000024	keys	64	E4	Some(ChordTone)	None	comp
152	39.50000000000000000	0.449999988	keys	74	D5	Some(LicensedExtension)	None	comp
153	39.50000000000000000	0.449999988	keys	71	B4	Some(ChordTone)	None	comp
154	39.50000000000000000	0.449999988	keys	64	E4	Some(ChordTone)	None	comp
155	42.25000000000000000	0.449999988	keys	74	D5	Some(LicensedExtension)	None	comp
156	42.25000000000000000	0.449999988	keys	69	A4	Some(ChordTone)	None	comp
157	42.25000000000000000	0.449999988	keys	64	E4	Some(ChordTone)	None	comp
158	45.50000000000000000	0.800000012	keys	74	D5	Some(LicensedExtension)	None	comp
159	45.50000000000000000	0.800000012	keys	71	B4	Some(ChordTone)	None	comp
160	45.50000000000000000	0.800000012	keys	64	E4	Some(ChordTone)	None	comp
161	46.50000000000000000	0.200000003	keys	71	B4	Some(ChordTone)	None	comp
162	46.50000000000000000	0.200000003	keys	64	E4	Some(ChordTone)	None	comp
163	46.75000000000000000	0.449999988	keys	74	D5	Some(LicensedExtension)	None	comp
164	46.75000000000000000	0.449999988	keys	71	B4	Some(ChordTone)	None	comp
165	46.75000000000000000	0.449999988	keys	64	E4	Some(ChordTone)	None	comp
166	53.50000000000000000	0.600000024	keys	74	D5	Some(LicensedExtension)	None	comp
167	53.50000000000000000	0.600000024	keys	69	A4	Some(ChordTone)	None	comp
168	53.50000000000000000	0.600000024	keys	64	E4	Some(ChordTone)	None	comp
169	54.25000000000000000	0.200000003	keys	69	A4	Some(ChordTone)	None	comp
170	54.25000000000000000	0.200000003	keys	64	E4	Some(ChordTone)	None	comp
171	54.50000000000000000	0.449999988	keys	74	D5	Some(LicensedExtension)	None	comp
172	54.50000000000000000	0.449999988	keys	69	A4	Some(ChordTone)	None	comp
173	54.50000000000000000	0.449999988	keys	64	E4	Some(ChordTone)	None	comp
174	58.25000000000000000	0.449999988	keys	74	D5	Some(LicensedExtension)	None	comp
175	58.25000000000000000	0.449999988	keys	69	A4	Some(ChordTone)	None	comp
176	58.25000000000000000	0.449999988	keys	64	E4	Some(ChordTone)	None	comp
177	62.50000000000000000	0.200000003	keys	74	D5	Some(LicensedExtension)	None	comp
178	62.50000000000000000	0.200000003	keys	71	B4	Some(ChordTone)	None	comp
179	62.50000000000000000	0.200000003	keys	64	E4	Some(ChordTone)	None	comp
180	62.75000000000000000	0.600000024	keys	71	B4	Some(ChordTone)	None	comp
181	62.75000000000000000	0.600000024	keys	64	E4	Some(ChordTone)	None	comp
182	63.50000000000000000	0.449999988	keys	74	D5	Some(LicensedExtension)	None	comp
183	63.50000000000000000	0.449999988	keys	71	B4	Some(ChordTone)	None	comp
184	63.50000000000000000	0.449999988	keys	64	E4	Some(ChordTone)	None	comp
185	64.00000000000000000	0.449999988	keys	76	E5	Some(ChordTone)	Some(MaterialId(22))	answer
186	64.50000000000000000	0.449999988	keys	69	A4	Some(ChordTone)	Some(MaterialId(22))	answer
187	65.00000000000000000	0.449999988	keys	76	E5	Some(ChordTone)	Some(MaterialId(22))	answer
188	65.50000000000000000	0.449999988	keys	69	A4	Some(ChordTone)	Some(MaterialId(22))	answer
189	66.50000000000000000	0.800000012	keys	74	D5	Some(LicensedExtension)	None	comp
190	66.50000000000000000	0.800000012	keys	69	A4	Some(ChordTone)	None	comp
191	66.50000000000000000	0.800000012	keys	64	E4	Some(ChordTone)	None	comp
192	67.50000000000000000	0.449999988	keys	69	A4	Some(ChordTone)	None	comp
193	67.50000000000000000	0.449999988	keys	64	E4	Some(ChordTone)	None	comp
194	74.25000000000000000	0.200000003	keys	74	D5	Some(LicensedExtension)	None	comp
195	74.25000000000000000	0.200000003	keys	69	A4	Some(ChordTone)	None	comp
196	74.25000000000000000	0.200000003	keys	64	E4	Some(ChordTone)	None	comp
197	74.50000000000000000	0.800000012	keys	69	A4	Some(ChordTone)	None	comp
198	74.50000000000000000	0.800000012	keys	64	E4	Some(ChordTone)	None	comp
199	75.50000000000000000	0.449999988	keys	74	D5	Some(LicensedExtension)	None	comp
200	75.50000000000000000	0.449999988	keys	69	A4	Some(ChordTone)	None	comp
201	75.50000000000000000	0.449999988	keys	64	E4	Some(ChordTone)	None	comp
202	78.00000000000000000	0.449999988	keys	72	C5	Some(ChordTone)	Some(MaterialId(6))	figure
203	78.50000000000000000	0.449999988	keys	76	E5	Some(ChordTone)	Some(MaterialId(6))	figure
204	79.00000000000000000	0.899999976	keys	79	G5	Some(ChordTone)	Some(MaterialId(6))	figure
205	79.50000000000000000	0.200000003	keys	74	D5	Some(LicensedExtension)	None	comp
206	79.50000000000000000	0.200000003	keys	71	B4	Some(ChordTone)	None	comp
207	79.50000000000000000	0.200000003	keys	64	E4	Some(ChordTone)	None	comp
208	79.75000000000000000	0.449999988	keys	71	B4	Some(ChordTone)	None	comp
209	79.75000000000000000	0.449999988	keys	64	E4	Some(ChordTone)	None	comp
210	81.75000000000000000	0.899999976	keys	72	C5	Some(ChordTone)	None	comp
211	81.75000000000000000	0.899999976	keys	69	A4	Some(ChordTone)	None	comp
212	81.75000000000000000	0.899999976	keys	67	G4	Some(ChordTone)	None	comp
213	83.25000000000000000	0.449999988	keys	69	A4	Some(ChordTone)	None	comp
214	83.25000000000000000	0.449999988	keys	67	G4	Some(ChordTone)	None	comp
215	84.50000000000000000	0.449999988	keys	73	C#5	Some(ChromaticApproach)	None	unison
216	85.00000000000000000	1.349999905	keys	72	C5	Some(ChordTone)	None	unison
217	86.25000000000000000	0.200000003	keys	74	D5	Some(LicensedExtension)	None	comp
218	86.25000000000000000	0.200000003	keys	69	A4	Some(ChordTone)	None	comp
219	86.25000000000000000	0.200000003	keys	64	E4	Some(ChordTone)	None	comp
220	86.50000000000000000	0.800000012	keys	69	A4	Some(ChordTone)	None	comp
221	86.50000000000000000	0.800000012	keys	64	E4	Some(ChordTone)	None	comp
222	87.50000000000000000	0.449999988	keys	74	D5	Some(LicensedExtension)	None	comp
223	87.50000000000000000	0.449999988	keys	69	A4	Some(ChordTone)	None	comp
224	87.50000000000000000	0.449999988	keys	64	E4	Some(ChordTone)	None	comp
225	88.00000000000000000	3.900000095	keys	74	D5	Some(LicensedExtension)	None	hold
226	88.00000000000000000	3.900000095	keys	69	A4	Some(ChordTone)	None	hold
227	88.00000000000000000	3.900000095	keys	64	E4	Some(ChordTone)	None	hold
228	93.50000000000000000	0.800000012	keys	74	D5	Some(LicensedExtension)	None	comp
229	93.50000000000000000	0.800000012	keys	71	B4	Some(ChordTone)	None	comp
230	93.50000000000000000	0.800000012	keys	64	E4	Some(ChordTone)	None	comp
231	94.50000000000000000	0.200000003	keys	71	B4	Some(ChordTone)	None	comp
232	94.50000000000000000	0.200000003	keys	64	E4	Some(ChordTone)	None	comp
233	94.75000000000000000	0.449999988	keys	74	D5	Some(LicensedExtension)	None	comp
234	94.75000000000000000	0.449999988	keys	71	B4	Some(ChordTone)	None	comp
235	94.75000000000000000	0.449999988	keys	64	E4	Some(ChordTone)	None	comp
236	98.25000000000000000	0.449999988	keys	74	D5	Some(LicensedExtension)	None	comp
237	98.25000000000000000	0.449999988	keys	69	A4	Some(ChordTone)	None	comp
238	98.25000000000000000	0.449999988	keys	64	E4	Some(ChordTone)	None	comp
239	102.00000000000000000	0.449999988	keys	72	C5	Some(ChordTone)	Some(MaterialId(7))	figure
240	102.50000000000000000	0.449999988	keys	76	E5	Some(ChordTone)	Some(MaterialId(7))	figure
241	103.00000000000000000	0.899999976	keys	79	G5	Some(ChordTone)	Some(MaterialId(7))	figure
242	106.25000000000000000	0.449999988	keys	74	D5	Some(LicensedExtension)	None	comp
243	106.25000000000000000	0.449999988	keys	69	A4	Some(ChordTone)	None	comp
244	106.25000000000000000	0.449999988	keys	64	E4	Some(ChordTone)	None	comp
245	110.50000000000000000	0.200000003	keys	74	D5	Some(LicensedExtension)	None	comp
246	110.50000000000000000	0.200000003	keys	71	B4	Some(ChordTone)	None	comp
247	110.50000000000000000	0.200000003	keys	64	E4	Some(ChordTone)	None	comp
248	110.75000000000000000	0.600000024	keys	71	B4	Some(ChordTone)	None	comp
249	110.75000000000000000	0.600000024	keys	64	E4	Some(ChordTone)	None	comp
250	111.50000000000000000	0.449999988	keys	74	D5	Some(LicensedExtension)	None	comp
251	111.50000000000000000	0.449999988	keys	71	B4	Some(ChordTone)	None	comp
252	111.50000000000000000	0.449999988	keys	64	E4	Some(ChordTone)	None	comp
253	112.00000000000000000	0.899999976	keys	74	D5	Some(LicensedExtension)	None	comp
254	112.00000000000000000	0.899999976	keys	69	A4	Some(ChordTone)	None	comp
255	112.00000000000000000	0.899999976	keys	64	E4	Some(ChordTone)	None	comp
256	114.25000000000000000	0.200000003	keys	69	A4	Some(ChordTone)	None	comp
257	114.25000000000000000	0.200000003	keys	64	E4	Some(ChordTone)	None	comp
258	114.50000000000000000	0.449999988	keys	74	D5	Some(LicensedExtension)	None	comp
259	114.50000000000000000	0.449999988	keys	69	A4	Some(ChordTone)	None	comp
260	114.50000000000000000	0.449999988	keys	64	E4	Some(ChordTone)	None	comp
261	115.00000000000000000	0.449999988	keys	72	C5	Some(ChordTone)	Some(MaterialId(24))	answer
262	115.50000000000000000	0.449999988	keys	74	D5	Some(LicensedExtension)	Some(MaterialId(24))	answer
263	116.00000000000000000	0.449999988	keys	76	E5	Some(ChordTone)	Some(MaterialId(24))	answer
264	116.50000000000000000	0.449999988	keys	79	G5	Some(ChordTone)	Some(MaterialId(24))	answer
265	118.50000000000000000	0.200000003	keys	74	D5	Some(LicensedExtension)	None	comp
266	118.50000000000000000	0.200000003	keys	71	B4	Some(ChordTone)	None	comp
267	118.50000000000000000	0.200000003	keys	64	E4	Some(ChordTone)	None	comp
268	118.75000000000000000	0.600000024	keys	71	B4	Some(ChordTone)	None	comp
269	118.75000000000000000	0.600000024	keys	64	E4	Some(ChordTone)	None	comp
270	119.50000000000000000	0.449999988	keys	74	D5	Some(LicensedExtension)	None	comp
271	119.50000000000000000	0.449999988	keys	71	B4	Some(ChordTone)	None	comp
272	119.50000000000000000	0.449999988	keys	64	E4	Some(ChordTone)	None	comp
273	0.00000000000000000	1.799999952	bass	36	C2	Some(ChordTone)	None	root
274	2.00000000000000000	0.224999994	bass	43	G2	Some(ChordTone)	None	fifth
275	2.25000000000000000	1.125000000	bass	36	C2	Some(ChordTone)	None	root
276	3.50000000000000000	0.449999988	bass	35	B1	Some(ChromaticApproach)	None	approach
277	4.00000000000000000	1.899999976	bass	36	C2	Some(ChordTone)	None	root
278	6.00000000000000000	0.449999988	bass	40	E2	Some(ChordTone)	Some(MaterialId(0))	quote
279	6.50000000000000000	0.449999988	bass	43	G2	Some(ChordTone)	Some(MaterialId(0))	quote
280	7.00000000000000000	0.449999988	bass	47	B2	Some(ChordTone)	Some(MaterialId(0))	quote
281	7.50000000000000000	0.449999988	bass	48	C3	Some(ChordTone)	Some(MaterialId(0))	quote
282	8.00000000000000000	1.799999952	bass	36	C2	Some(ChordTone)	None	root
283	10.00000000000000000	0.224999994	bass	43	G2	Some(ChordTone)	None	fifth
284	10.25000000000000000	1.125000000	bass	36	C2	Some(ChordTone)	None	root
285	11.50000000000000000	0.449999988	bass	35	B1	Some(ChromaticApproach)	None	approach
286	12.00000000000000000	2.474999905	bass	36	C2	Some(ChordTone)	None	root
287	14.75000000000000000	0.675000012	bass	43	G2	Some(ChordTone)	None	fifth
288	15.50000000000000000	0.449999988	bass	40	E2	Some(ChromaticApproach)	None	approach
289	16.00000000000000000	3.599999905	bass	41	F2	Some(ChordTone)	None	root
290	20.00000000000000000	1.424999952	bass	41	F2	Some(ChordTone)	None	root
291	21.50000000000000000	0.237499997	bass	40	E2	Some(ChordTone)	Some(MaterialId(19))	answer
292	21.75000000000000000	0.237499997	bass	43	G2	Some(ChordTone)	Some(MaterialId(19))	answer
293	22.00000000000000000	0.500000000	bass	48	C3	Some(ChordTone)	Some(MaterialId(19))	answer
294	24.00000000000000000	1.799999952	bass	36	C2	Some(ChordTone)	None	root
295	26.00000000000000000	1.350000024	bass	43	G2	Some(ChordTone)	None	fifth
296	27.50000000000000000	0.449999988	bass	35	B1	Some(ChromaticApproach)	None	approach
297	28.00000000000000000	1.899999976	bass	36	C2	Some(ChordTone)	None	root
298	30.00000000000000000	0.449999988	bass	40	E2	Some(ChordTone)	Some(MaterialId(3))	quote
299	30.50000000000000000	0.449999988	bass	43	G2	Some(ChordTone)	Some(MaterialId(3))	quote
300	31.00000000000000000	0.449999988	bass	47	B2	Some(ChordTone)	Some(MaterialId(3))	quote
301	31.50000000000000000	0.449999988	bass	48	C3	Some(ChordTone)	Some(MaterialId(3))	quote
302	32.00000000000000000	2.025000095	bass	36	C2	Some(ChordTone)	None	root
303	34.25000000000000000	1.125000000	bass	43	G2	Some(ChordTone)	None	fifth
304	35.50000000000000000	0.449999988	bass	35	B1	Some(ChromaticApproach)	None	approach
305	36.00000000000000000	2.250000000	bass	36	C2	Some(ChordTone)	None	root
306	38.50000000000000000	0.224999994	bass	43	G2	Some(ChordTone)	None	fifth
307	38.75000000000000000	0.675000012	bass	36	C2	Some(ChordTone)	None	root
308	39.50000000000000000	0.449999988	bass	35	B1	Some(ChromaticApproach)	None	approach
309	40.00000000000000000	2.025000095	bass	36	C2	Some(ChordTone)	None	root
310	42.25000000000000000	1.125000000	bass	43	G2	Some(ChordTone)	None	fifth
311	43.50000000000000000	0.449999988	bass	35	B1	Some(ChromaticApproach)	None	approach
312	44.00000000000000000	2.474999905	bass	36	C2	Some(ChordTone)	None	root
313	46.75000000000000000	1.125000000	bass	43	G2	Some(ChordTone)	None	fifth
314	48.00000000000000000	1.575000048	bass	41	F2	Some(ChordTone)	None	root
315	49.75000000000000000	1.350000024	bass	36	C2	Some(ChordTone)	None	fifth
316	51.25000000000000000	0.675000012	bass	41	F2	Some(ChordTone)	None	root
317	52.00000000000000000	2.025000095	bass	41	F2	Some(ChordTone)	None	root
318	54.25000000000000000	1.125000000	bass	36	C2	Some(ChordTone)	None	fifth
319	55.50000000000000000	0.449999988	bass	37	C#2	Some(ChromaticApproach)	None	approach
320	56.00000000000000000	3.150000095	bass	36	C2	Some(ChordTone)	None	root
321	59.50000000000000000	0.449999988	bass	35	B1	Some(ChromaticApproach)	None	approach
322	60.00000000000000000	2.250000000	bass	36	C2	Some(ChordTone)	None	root
323	62.50000000000000000	0.224999994	bass	43	G2	Some(ChordTone)	None	fifth
324	62.75000000000000000	0.675000012	bass	36	C2	Some(ChordTone)	None	root
325	63.50000000000000000	0.449999988	bass	35	B1	Some(ChromaticApproach)	None	approach
326	64.00000000000000000	3.599999905	bass	36	C2	Some(ChordTone)	None	root
327	68.00000000000000000	3.599999905	bass	36	C2	Some(ChordTone)	None	root
328	72.00000000000000000	2.025000095	bass	36	C2	Some(ChordTone)	None	root
329	74.25000000000000000	0.224999994	bass	43	G2	Some(ChordTone)	None	fifth
330	74.50000000000000000	0.899999976	bass	36	C2	Some(ChordTone)	None	root
331	75.50000000000000000	0.449999988	bass	35	B1	Some(ChromaticApproach)	None	approach
332	76.00000000000000000	2.474999905	bass	36	C2	Some(ChordTone)	None	root
333	78.75000000000000000	0.675000012	bass	43	G2	Some(ChordTone)	None	fifth
334	79.50000000000000000	0.449999988	bass	40	E2	Some(ChromaticApproach)	None	approach
335	80.00000000000000000	1.575000048	bass	41	F2	Some(ChordTone)	None	root
336	81.75000000000000000	1.350000024	bass	36	C2	Some(ChordTone)	None	fifth
337	83.25000000000000000	0.675000012	bass	41	F2	Some(ChordTone)	None	root
338	84.00000000000000000	0.474999994	bass	41	F2	Some(ChordTone)	None	root
339	84.50000000000000000	0.449999988	bass	49	C#3	Some(ChromaticApproach)	None	unison
340	85.00000000000000000	1.349999905	bass	48	C3	Some(ChordTone)	None	unison
341	87.50000000000000000	0.237499997	bass	40	E2	Some(ChordTone)	Some(MaterialId(23))	answer
342	87.75000000000000000	0.237499997	bass	43	G2	Some(ChordTone)	Some(MaterialId(23))	answer
343	88.00000000000000000	2.025000095	bass	36	C2	Some(ChordTone)	None	root
344	90.25000000000000000	1.125000000	bass	43	G2	Some(ChordTone)	None	fifth
345	91.50000000000000000	0.449999988	bass	35	B1	Some(ChromaticApproach)	None	approach
346	92.00000000000000000	2.474999905	bass	36	C2	Some(ChordTone)	None	root
347	94.75000000000000000	1.125000000	bass	43	G2	Some(ChordTone)	None	fifth
348	96.00000000000000000	2.025000095	bass	36	C2	Some(ChordTone)	None	root
349	98.25000000000000000	1.125000000	bass	43	G2	Some(ChordTone)	None	fifth
350	99.50000000000000000	0.449999988	bass	35	B1	Some(ChromaticApproach)	None	approach
351	100.00000000000000000	2.474999905	bass	36	C2	Some(ChordTone)	None	root
352	102.75000000000000000	0.675000012	bass	43	G2	Some(ChordTone)	None	fifth
353	103.50000000000000000	0.449999988	bass	35	B1	Some(ChromaticApproach)	None	approach
354	104.00000000000000000	2.025000095	bass	36	C2	Some(ChordTone)	None	root
355	106.25000000000000000	1.125000000	bass	43	G2	Some(ChordTone)	None	fifth
356	107.50000000000000000	0.449999988	bass	35	B1	Some(ChromaticApproach)	None	approach
357	108.00000000000000000	1.899999976	bass	36	C2	Some(ChordTone)	None	root
358	110.00000000000000000	0.449999988	bass	40	E2	Some(ChordTone)	Some(MaterialId(8))	quote
359	110.50000000000000000	0.449999988	bass	43	G2	Some(ChordTone)	Some(MaterialId(8))	quote
360	111.00000000000000000	0.449999988	bass	47	B2	Some(ChordTone)	Some(MaterialId(8))	quote
361	111.50000000000000000	0.449999988	bass	48	C3	Some(ChordTone)	Some(MaterialId(8))	quote
362	112.00000000000000000	2.025000095	bass	36	C2	Some(ChordTone)	None	root
363	114.25000000000000000	0.224999994	bass	43	G2	Some(ChordTone)	None	fifth
364	114.50000000000000000	0.899999976	bass	36	C2	Some(ChordTone)	None	root
365	115.50000000000000000	0.449999988	bass	35	B1	Some(ChromaticApproach)	None	approach
366	116.00000000000000000	2.474999905	bass	36	C2	Some(ChordTone)	None	root
367	118.75000000000000000	0.675000012	bass	43	G2	Some(ChordTone)	None	fifth
368	119.50000000000000000	0.449999988	bass	36	C2	Some(ChordTone)	None	root
369	16.50000000000000000	0.449999988	lead	60	C4	Some(ChordTone)	Some(MaterialId(9))	melody
370	17.00000000000000000	0.449999988	lead	64	E4	Some(ChromaticApproach)	Some(MaterialId(9))	melody
371	17.50000000000000000	0.500000000	lead	65	F4	Some(ChordTone)	Some(MaterialId(9))	melody
372	18.50000000000000000	0.449999988	lead	62	D4	Some(LicensedExtension)	Some(MaterialId(9))	melody
373	19.00000000000000000	0.449999988	lead	69	A4	Some(ChordTone)	Some(MaterialId(9))	melody
374	19.50000000000000000	0.500000000	lead	64	E4	Some(Anticipation)	Some(MaterialId(9))	melody
375	20.50000000000000000	0.449999988	lead	61	C#4	Some(ChromaticApproach)	Some(MaterialId(9))	melody
376	21.00000000000000000	1.349999905	lead	60	C4	Some(ChordTone)	Some(MaterialId(9))	melody
377	23.50000000000000000	0.449999988	lead	60	C4	Some(ChordTone)	Some(MaterialId(10))	melody
378	24.00000000000000000	0.449999988	lead	64	E4	Some(ChordTone)	Some(MaterialId(10))	melody
379	24.50000000000000000	0.500000000	lead	65	F4	Some(Suspension)	Some(MaterialId(10))	melody
380	25.50000000000000000	0.449999988	lead	64	E4	Some(ChordTone)	Some(MaterialId(10))	melody
381	26.00000000000000000	0.449999988	lead	71	B4	Some(LicensedExtension)	Some(MaterialId(10))	melody
382	26.50000000000000000	0.500000000	lead	65	F4	Some(Suspension)	Some(MaterialId(10))	melody
383	27.50000000000000000	0.449999988	lead	64	E4	Some(ChordTone)	Some(MaterialId(10))	melody
384	28.00000000000000000	1.349999905	lead	60	C4	Some(ChordTone)	Some(MaterialId(10))	melody
385	32.50000000000000000	0.449999988	lead	60	C4	Some(ChordTone)	Some(MaterialId(11))	melody
386	33.00000000000000000	0.449999988	lead	64	E4	Some(ChordTone)	Some(MaterialId(11))	melody
387	33.50000000000000000	0.500000000	lead	65	F4	Some(Neighbor)	Some(MaterialId(11))	melody
388	34.50000000000000000	0.449999988	lead	64	E4	Some(ChordTone)	Some(MaterialId(11))	melody
389	35.00000000000000000	0.449999988	lead	69	A4	Some(ChordTone)	Some(MaterialId(11))	melody
390	35.50000000000000000	0.500000000	lead	65	F4	Some(ChromaticApproach)	Some(MaterialId(11))	melody
391	36.50000000000000000	0.449999988	lead	64	E4	Some(ChordTone)	Some(MaterialId(11))	melody
392	37.00000000000000000	1.349999905	lead	60	C4	Some(ChordTone)	Some(MaterialId(11))	melody
393	40.50000000000000000	0.449999988	lead	60	C4	Some(ChordTone)	Some(MaterialId(12))	melody
394	41.00000000000000000	0.449999988	lead	64	E4	Some(ChordTone)	Some(MaterialId(12))	melody
395	41.50000000000000000	0.500000000	lead	65	F4	Some(Neighbor)	Some(MaterialId(12))	melody
396	42.50000000000000000	0.449999988	lead	64	E4	Some(ChordTone)	Some(MaterialId(12))	melody
397	43.00000000000000000	0.449999988	lead	69	A4	Some(ChordTone)	Some(MaterialId(12))	melody
398	43.50000000000000000	0.500000000	lead	65	F4	Some(ChromaticApproach)	Some(MaterialId(12))	melody
399	44.50000000000000000	0.449999988	lead	64	E4	Some(ChordTone)	Some(MaterialId(12))	melody
400	45.00000000000000000	1.349999905	lead	60	C4	Some(ChordTone)	Some(MaterialId(12))	melody
401	48.00000000000000000	0.449999988	lead	60	C4	Some(ChordTone)	Some(MaterialId(13))	melody
402	48.50000000000000000	0.449999988	lead	65	F4	Some(ChordTone)	Some(MaterialId(13))	melody
403	49.00000000000000000	0.500000000	lead	66	F#4	Some(Neighbor)	Some(MaterialId(13))	melody
404	50.00000000000000000	0.449999988	lead	65	F4	Some(ChordTone)	Some(MaterialId(13))	melody
405	50.50000000000000000	0.449999988	lead	72	C5	Some(ChordTone)	Some(MaterialId(13))	melody
406	51.00000000000000000	0.500000000	lead	67	G4	Some(ChordTone)	Some(MaterialId(13))	melody
407	52.00000000000000000	0.449999988	lead	64	E4	Some(ChordTone)	Some(MaterialId(13))	melody
408	52.50000000000000000	1.349999905	lead	60	C4	Some(ChordTone)	Some(MaterialId(13))	melody
409	55.50000000000000000	0.449999988	lead	60	C4	Some(ChordTone)	Some(MaterialId(14))	melody
410	56.00000000000000000	0.449999988	lead	64	E4	Some(ChordTone)	Some(MaterialId(14))	melody
411	56.50000000000000000	0.500000000	lead	65	F4	Some(Suspension)	Some(MaterialId(14))	melody
412	57.50000000000000000	0.449999988	lead	64	E4	Some(ChordTone)	Some(MaterialId(14))	melody
413	58.00000000000000000	0.449999988	lead	71	B4	Some(LicensedExtension)	Some(MaterialId(14))	melody
414	58.50000000000000000	0.500000000	lead	65	F4	Some(Suspension)	Some(MaterialId(14))	melody
415	59.50000000000000000	0.449999988	lead	64	E4	Some(ChordTone)	Some(MaterialId(14))	melody
416	60.00000000000000000	1.349999905	lead	60	C4	Some(ChordTone)	Some(MaterialId(14))	melody
417	80.50000000000000000	0.449999988	lead	60	C4	Some(ChordTone)	Some(MaterialId(15))	melody
418	81.00000000000000000	0.449999988	lead	64	E4	Some(ChromaticApproach)	Some(MaterialId(15))	melody
419	81.50000000000000000	0.500000000	lead	65	F4	Some(ChordTone)	Some(MaterialId(15))	melody
420	82.50000000000000000	0.449999988	lead	62	D4	Some(LicensedExtension)	Some(MaterialId(15))	melody
421	83.00000000000000000	0.449999988	lead	69	A4	Some(ChordTone)	Some(MaterialId(15))	melody
422	83.50000000000000000	0.500000000	lead	64	E4	Some(Anticipation)	Some(MaterialId(15))	melody
423	84.50000000000000000	0.449999988	lead	61	C#4	Some(ChromaticApproach)	Some(MaterialId(15))	melody
424	85.00000000000000000	1.349999905	lead	60	C4	Some(ChordTone)	Some(MaterialId(15))	melody
425	88.00000000000000000	0.449999988	lead	60	C4	Some(ChordTone)	Some(MaterialId(16))	melody
426	88.50000000000000000	0.449999988	lead	64	E4	Some(ChordTone)	Some(MaterialId(16))	melody
427	89.00000000000000000	0.500000000	lead	65	F4	Some(Suspension)	Some(MaterialId(16))	melody
428	90.00000000000000000	0.449999988	lead	64	E4	Some(ChordTone)	Some(MaterialId(16))	melody
429	90.50000000000000000	0.449999988	lead	72	C5	Some(ChordTone)	Some(MaterialId(16))	melody
430	91.00000000000000000	0.500000000	lead	65	F4	Some(Suspension)	Some(MaterialId(16))	melody
431	92.00000000000000000	0.449999988	lead	64	E4	Some(ChordTone)	Some(MaterialId(16))	melody
432	92.50000000000000000	1.349999905	lead	60	C4	Some(ChordTone)	Some(MaterialId(16))	melody
433	95.50000000000000000	0.449999988	lead	60	C4	Some(ChordTone)	Some(MaterialId(17))	melody
434	96.00000000000000000	0.449999988	lead	64	E4	Some(ChordTone)	Some(MaterialId(17))	melody
435	96.50000000000000000	0.500000000	lead	65	F4	Some(Neighbor)	Some(MaterialId(17))	melody
436	97.50000000000000000	0.449999988	lead	64	E4	Some(ChordTone)	Some(MaterialId(17))	melody
437	98.00000000000000000	0.449999988	lead	71	B4	Some(LicensedExtension)	Some(MaterialId(17))	melody
438	98.50000000000000000	0.500000000	lead	65	F4	Some(ChromaticApproach)	Some(MaterialId(17))	melody
439	99.50000000000000000	0.449999988	lead	64	E4	Some(ChordTone)	Some(MaterialId(17))	melody
440	100.00000000000000000	1.349999905	lead	60	C4	Some(ChordTone)	Some(MaterialId(17))	melody
441	104.50000000000000000	0.449999988	lead	59	B3	Some(LicensedExtension)	Some(MaterialId(18))	melody
442	105.00000000000000000	0.449999988	lead	64	E4	Some(ChordTone)	Some(MaterialId(18))	melody
443	105.50000000000000000	0.500000000	lead	65	F4	Some(Neighbor)	Some(MaterialId(18))	melody
444	106.50000000000000000	0.449999988	lead	64	E4	Some(ChordTone)	Some(MaterialId(18))	melody
445	107.00000000000000000	0.449999988	lead	69	A4	Some(ChordTone)	Some(MaterialId(18))	melody
446	107.50000000000000000	0.500000000	lead	65	F4	Some(ChromaticApproach)	Some(MaterialId(18))	melody
447	108.50000000000000000	0.449999988	lead	64	E4	Some(ChordTone)	Some(MaterialId(18))	melody
448	109.00000000000000000	1.349999905	lead	60	C4	Some(ChordTone)	Some(MaterialId(18))	melody
