set	seed	trace	length	grammar	composer	world	language	restraint	tempo	status	detail
G	98300007	deflected	33.25	DeflectedLift	StructuralR9	VAPOR95	fusion	Balanced	120	rejected	1 held-identity flips
G	98300007	deflected	33.25	DeflectedLift	StructuralR9	VAPOR95	fusion	Balanced	150	rejected	1 held-identity flips
G	98300007	deflected	33.25	DeflectedLift	StructuralR9	VAPOR95	fusion	Balanced	96	rejected	1 held-identity flips
G	98300007	deflected	33.25	DeflectedLift	StructuralR9	VAPOR95	fusion	Busy	120	rejected	1 held-identity flips
G	98300007	deflected	33.25	DeflectedLift	StructuralR9	VAPOR95	fusion	Busy	150	rejected	1 held-identity flips
G	98300007	deflected	33.25	DeflectedLift	StructuralR9	VAPOR95	fusion	Busy	96	rejected	1 held-identity flips
G	98300007	deflected	33.25	DeflectedLift	StructuralR9	VAPOR95	fusion	Expressive	120	rejected	1 held-identity flips
G	98300007	deflected	33.25	DeflectedLift	StructuralR9	VAPOR95	fusion	Expressive	150	rejected	1 held-identity flips
G	98300007	deflected	33.25	DeflectedLift	StructuralR9	VAPOR95	fusion	Expressive	96	rejected	1 held-identity flips
G	98300007	deflected	33.25	DeflectedLift	StructuralR9	VAPOR95	fusion	Foundation	120	rejected	1 held-identity flips
G	98300007	deflected	33.25	DeflectedLift	StructuralR9	VAPOR95	fusion	Foundation	150	rejected	1 held-identity flips
G	98300007	deflected	33.25	DeflectedLift	StructuralR9	VAPOR95	fusion	Foundation	96	rejected	1 held-identity flips
