beat	candidate	edits	octave_distance	removes_C4	no_new_high_seventh	identity	band_contacts	tails	motion	old_motion	strict_motion_improvement	top	result
28	[60, 64, 71, 79]	0	0	false	NA	NA	NA	NA	NA	20	NA	79	retains_human_implicated_C4
28	[52, 60, 71, 79]	1	12	false	NA	NA	NA	NA	NA	20	NA	79	retains_human_implicated_C4
28	[60, 64, 71, 91]	1	12	false	NA	NA	NA	NA	NA	20	NA	91	retains_human_implicated_C4
28	[60, 64, 79, 83]	1	12	false	NA	NA	NA	NA	NA	20	NA	83	retains_human_implicated_C4
28	[60, 71, 76, 79]	1	12	false	NA	NA	NA	NA	NA	20	NA	79	retains_human_implicated_C4
28	[60, 71, 79, 88]	1	24	false	NA	NA	NA	NA	NA	20	NA	88	retains_human_implicated_C4
28	[52, 60, 71, 91]	2	24	false	NA	NA	NA	NA	NA	20	NA	91	retains_human_implicated_C4
28	[52, 60, 79, 83]	2	24	false	NA	NA	NA	NA	NA	20	NA	83	retains_human_implicated_C4
28	[60, 64, 67, 83]	2	24	false	NA	NA	NA	NA	NA	20	NA	83	retains_human_implicated_C4
28	[60, 64, 83, 91]	2	24	false	NA	NA	NA	NA	NA	20	NA	91	retains_human_implicated_C4
28	[60, 71, 76, 91]	2	24	false	NA	NA	NA	NA	NA	20	NA	91	retains_human_implicated_C4
28	[60, 76, 79, 83]	2	24	false	NA	NA	NA	NA	NA	20	NA	83	retains_human_implicated_C4
28	[64, 72, 79, 83]	2	24	true	false	true	true	true	28	20	false	83	high_seventh_excursion
28	[55, 60, 64, 83]	2	36	false	NA	NA	NA	NA	NA	20	NA	83	retains_human_implicated_C4
28	[59, 64, 79, 84]	2	36	true	true	true	false	true	44	20	false	84	unchanged_band_contact_guard
28	[60, 67, 71, 88]	2	36	false	NA	NA	NA	NA	NA	20	NA	88	retains_human_implicated_C4
28	[60, 71, 88, 91]	2	36	false	NA	NA	NA	NA	NA	20	NA	91	retains_human_implicated_C4
28	[60, 79, 83, 88]	2	36	false	NA	NA	NA	NA	NA	20	NA	88	retains_human_implicated_C4
28	[55, 60, 71, 88]	2	48	false	NA	NA	NA	NA	NA	20	NA	88	retains_human_implicated_C4
28	[52, 60, 67, 83]	3	36	false	NA	NA	NA	NA	NA	20	NA	83	retains_human_implicated_C4
28	[52, 60, 83, 91]	3	36	false	NA	NA	NA	NA	NA	20	NA	91	retains_human_implicated_C4
28	[52, 72, 79, 83]	3	36	true	false	true	true	true	52	20	false	83	high_seventh_excursion
28	[60, 67, 76, 83]	3	36	false	NA	NA	NA	NA	NA	20	NA	83	retains_human_implicated_C4
28	[60, 76, 83, 91]	3	36	false	NA	NA	NA	NA	NA	20	NA	91	retains_human_implicated_C4
28	[64, 67, 72, 83]	3	36	true	false	true	true	true	12	20	true	83	high_seventh_excursion
28	[64, 72, 83, 91]	3	36	true	true	true	true	true	52	20	false	91	unchanged_motion_guard
28	[72, 76, 79, 83]	3	36	true	true	true	true	true	52	20	false	83	unchanged_motion_guard
28	[52, 55, 60, 83]	3	48	false	NA	NA	NA	NA	NA	20	NA	83	retains_human_implicated_C4
28	[52, 59, 79, 84]	3	48	true	true	true	false	true	68	20	false	84	unchanged_band_contact_guard
28	[55, 60, 76, 83]	3	48	false	NA	NA	NA	NA	NA	20	NA	83	retains_human_implicated_C4
28	[55, 64, 72, 83]	3	48	true	false	true	true	true	36	20	false	83	high_seventh_excursion
28	[59, 64, 67, 84]	3	48	true	true	true	false	true	40	20	false	84	unchanged_band_contact_guard
28	[59, 64, 84, 91]	3	48	true	true	true	false	true	68	20	false	91	unchanged_band_contact_guard
28	[59, 76, 79, 84]	3	48	true	true	true	false	true	48	20	false	84	unchanged_band_contact_guard
28	[60, 67, 83, 88]	3	48	false	NA	NA	NA	NA	NA	20	NA	88	retains_human_implicated_C4
28	[60, 83, 88, 91]	3	48	false	NA	NA	NA	NA	NA	20	NA	91	retains_human_implicated_C4
28	[72, 79, 83, 88]	3	48	true	true	true	true	true	76	20	false	88	unchanged_motion_guard
28	[55, 59, 64, 84]	3	60	true	true	true	false	true	64	20	false	84	unchanged_band_contact_guard
28	[55, 60, 83, 88]	3	60	false	NA	NA	NA	NA	NA	20	NA	88	retains_human_implicated_C4
28	[59, 79, 84, 88]	3	60	true	true	true	false	true	72	20	false	88	unchanged_band_contact_guard
28	[52, 67, 72, 83]	4	48	true	false	true	true	true	36	20	false	83	high_seventh_excursion
28	[52, 72, 83, 91]	4	48	true	true	true	true	true	76	20	false	91	unchanged_motion_guard
28	[67, 72, 76, 83]	4	48	true	false	true	true	true	28	20	false	83	high_seventh_excursion
28	[72, 76, 83, 91]	4	48	true	true	true	true	true	76	20	false	91	unchanged_motion_guard
28	[52, 55, 72, 83]	4	60	true	false	true	true	true	60	20	false	83	high_seventh_excursion
28	[52, 59, 67, 84]	4	60	true	true	true	false	true	64	20	false	84	unchanged_band_contact_guard
28	[52, 59, 84, 91]	4	60	true	true	true	false	true	92	20	false	91	unchanged_band_contact_guard
28	[55, 72, 76, 83]	4	60	true	false	true	true	true	40	20	false	83	high_seventh_excursion
28	[59, 67, 76, 84]	4	60	true	true	true	false	true	32	20	false	84	unchanged_band_contact_guard
28	[59, 76, 84, 91]	4	60	true	true	true	false	true	72	20	false	91	unchanged_band_contact_guard
28	[67, 72, 83, 88]	4	60	true	true	true	true	true	52	20	false	88	unchanged_motion_guard
28	[72, 83, 88, 91]	4	60	true	true	true	true	true	100	20	false	91	unchanged_motion_guard
28	[52, 55, 59, 84]	4	72	true	true	true	false	true	88	20	false	84	unchanged_band_contact_guard
28	[55, 59, 76, 84]	4	72	true	true	true	false	true	56	20	false	84	unchanged_band_contact_guard
28	[55, 72, 83, 88]	4	72	true	true	true	true	true	64	20	false	88	unchanged_motion_guard
28	[59, 67, 84, 88]	4	72	true	true	true	false	true	56	20	false	88	unchanged_band_contact_guard
28	[59, 84, 88, 91]	4	72	true	true	true	false	true	96	20	false	91	unchanged_band_contact_guard
28	[55, 59, 84, 88]	4	84	true	true	true	false	true	80	20	false	88	unchanged_band_contact_guard
36	[60, 64, 71, 79]	0	0	false	NA	NA	NA	NA	NA	20	NA	79	retains_human_implicated_C4
36	[52, 60, 71, 79]	1	12	false	NA	NA	NA	NA	NA	20	NA	79	retains_human_implicated_C4
36	[60, 64, 71, 91]	1	12	false	NA	NA	NA	NA	NA	20	NA	91	retains_human_implicated_C4
36	[60, 64, 79, 83]	1	12	false	NA	NA	NA	NA	NA	20	NA	83	retains_human_implicated_C4
36	[60, 71, 76, 79]	1	12	false	NA	NA	NA	NA	NA	20	NA	79	retains_human_implicated_C4
36	[60, 71, 79, 88]	1	24	false	NA	NA	NA	NA	NA	20	NA	88	retains_human_implicated_C4
36	[52, 60, 71, 91]	2	24	false	NA	NA	NA	NA	NA	20	NA	91	retains_human_implicated_C4
36	[52, 60, 79, 83]	2	24	false	NA	NA	NA	NA	NA	20	NA	83	retains_human_implicated_C4
36	[60, 64, 67, 83]	2	24	false	NA	NA	NA	NA	NA	20	NA	83	retains_human_implicated_C4
36	[60, 64, 83, 91]	2	24	false	NA	NA	NA	NA	NA	20	NA	91	retains_human_implicated_C4
36	[60, 71, 76, 91]	2	24	false	NA	NA	NA	NA	NA	20	NA	91	retains_human_implicated_C4
36	[60, 76, 79, 83]	2	24	false	NA	NA	NA	NA	NA	20	NA	83	retains_human_implicated_C4
36	[64, 72, 79, 83]	2	24	true	false	true	false	true	28	20	false	83	high_seventh_excursion
36	[55, 60, 64, 83]	2	36	false	NA	NA	NA	NA	NA	20	NA	83	retains_human_implicated_C4
36	[59, 64, 79, 84]	2	36	true	true	true	false	true	44	20	false	84	unchanged_band_contact_guard
36	[60, 67, 71, 88]	2	36	false	NA	NA	NA	NA	NA	20	NA	88	retains_human_implicated_C4
36	[60, 71, 88, 91]	2	36	false	NA	NA	NA	NA	NA	20	NA	91	retains_human_implicated_C4
36	[60, 79, 83, 88]	2	36	false	NA	NA	NA	NA	NA	20	NA	88	retains_human_implicated_C4
36	[55, 60, 71, 88]	2	48	false	NA	NA	NA	NA	NA	20	NA	88	retains_human_implicated_C4
36	[52, 60, 67, 83]	3	36	false	NA	NA	NA	NA	NA	20	NA	83	retains_human_implicated_C4
36	[52, 60, 83, 91]	3	36	false	NA	NA	NA	NA	NA	20	NA	91	retains_human_implicated_C4
36	[52, 72, 79, 83]	3	36	true	false	true	false	true	52	20	false	83	high_seventh_excursion
36	[60, 67, 76, 83]	3	36	false	NA	NA	NA	NA	NA	20	NA	83	retains_human_implicated_C4
36	[60, 76, 83, 91]	3	36	false	NA	NA	NA	NA	NA	20	NA	91	retains_human_implicated_C4
36	[64, 67, 72, 83]	3	36	true	false	true	false	true	12	20	true	83	high_seventh_excursion
36	[64, 72, 83, 91]	3	36	true	true	true	false	true	52	20	false	91	unchanged_band_contact_guard
36	[72, 76, 79, 83]	3	36	true	true	true	false	true	52	20	false	83	unchanged_band_contact_guard
36	[52, 55, 60, 83]	3	48	false	NA	NA	NA	NA	NA	20	NA	83	retains_human_implicated_C4
36	[52, 59, 79, 84]	3	48	true	true	true	false	true	68	20	false	84	unchanged_band_contact_guard
36	[55, 60, 76, 83]	3	48	false	NA	NA	NA	NA	NA	20	NA	83	retains_human_implicated_C4
36	[55, 64, 72, 83]	3	48	true	false	true	false	true	36	20	false	83	high_seventh_excursion
36	[59, 64, 67, 84]	3	48	true	true	true	false	true	40	20	false	84	unchanged_band_contact_guard
36	[59, 64, 84, 91]	3	48	true	true	true	false	true	68	20	false	91	unchanged_band_contact_guard
36	[59, 76, 79, 84]	3	48	true	true	true	false	true	48	20	false	84	unchanged_band_contact_guard
36	[60, 67, 83, 88]	3	48	false	NA	NA	NA	NA	NA	20	NA	88	retains_human_implicated_C4
36	[60, 83, 88, 91]	3	48	false	NA	NA	NA	NA	NA	20	NA	91	retains_human_implicated_C4
36	[72, 79, 83, 88]	3	48	true	true	true	false	true	76	20	false	88	unchanged_band_contact_guard
36	[55, 59, 64, 84]	3	60	true	true	true	false	true	64	20	false	84	unchanged_band_contact_guard
36	[55, 60, 83, 88]	3	60	false	NA	NA	NA	NA	NA	20	NA	88	retains_human_implicated_C4
36	[59, 79, 84, 88]	3	60	true	true	true	false	true	72	20	false	88	unchanged_band_contact_guard
36	[52, 67, 72, 83]	4	48	true	false	true	false	true	36	20	false	83	high_seventh_excursion
36	[52, 72, 83, 91]	4	48	true	true	true	false	true	76	20	false	91	unchanged_band_contact_guard
36	[67, 72, 76, 83]	4	48	true	false	true	false	true	28	20	false	83	high_seventh_excursion
36	[72, 76, 83, 91]	4	48	true	true	true	false	true	76	20	false	91	unchanged_band_contact_guard
36	[52, 55, 72, 83]	4	60	true	false	true	false	true	60	20	false	83	high_seventh_excursion
36	[52, 59, 67, 84]	4	60	true	true	true	false	true	64	20	false	84	unchanged_band_contact_guard
36	[52, 59, 84, 91]	4	60	true	true	true	false	true	92	20	false	91	unchanged_band_contact_guard
36	[55, 72, 76, 83]	4	60	true	false	true	false	true	40	20	false	83	high_seventh_excursion
36	[59, 67, 76, 84]	4	60	true	true	true	false	true	32	20	false	84	unchanged_band_contact_guard
36	[59, 76, 84, 91]	4	60	true	true	true	false	true	72	20	false	91	unchanged_band_contact_guard
36	[67, 72, 83, 88]	4	60	true	true	true	false	true	52	20	false	88	unchanged_band_contact_guard
36	[72, 83, 88, 91]	4	60	true	true	true	false	true	100	20	false	91	unchanged_band_contact_guard
36	[52, 55, 59, 84]	4	72	true	true	true	false	true	88	20	false	84	unchanged_band_contact_guard
36	[55, 59, 76, 84]	4	72	true	true	true	false	true	56	20	false	84	unchanged_band_contact_guard
36	[55, 72, 83, 88]	4	72	true	true	true	false	true	64	20	false	88	unchanged_band_contact_guard
36	[59, 67, 84, 88]	4	72	true	true	true	false	true	56	20	false	88	unchanged_band_contact_guard
36	[59, 84, 88, 91]	4	72	true	true	true	false	true	96	20	false	91	unchanged_band_contact_guard
36	[55, 59, 84, 88]	4	84	true	true	true	false	true	80	20	false	88	unchanged_band_contact_guard
44	[60, 64, 71, 79]	0	0	false	NA	NA	NA	NA	NA	21	NA	79	retains_human_implicated_C4
44	[52, 60, 71, 79]	1	12	false	NA	NA	NA	NA	NA	21	NA	79	retains_human_implicated_C4
44	[60, 64, 71, 91]	1	12	false	NA	NA	NA	NA	NA	21	NA	91	retains_human_implicated_C4
44	[60, 64, 79, 83]	1	12	false	NA	NA	NA	NA	NA	21	NA	83	retains_human_implicated_C4
44	[60, 71, 76, 79]	1	12	false	NA	NA	NA	NA	NA	21	NA	79	retains_human_implicated_C4
44	[60, 71, 79, 88]	1	24	false	NA	NA	NA	NA	NA	21	NA	88	retains_human_implicated_C4
44	[52, 60, 71, 91]	2	24	false	NA	NA	NA	NA	NA	21	NA	91	retains_human_implicated_C4
44	[52, 60, 79, 83]	2	24	false	NA	NA	NA	NA	NA	21	NA	83	retains_human_implicated_C4
44	[60, 64, 67, 83]	2	24	false	NA	NA	NA	NA	NA	21	NA	83	retains_human_implicated_C4
44	[60, 64, 83, 91]	2	24	false	NA	NA	NA	NA	NA	21	NA	91	retains_human_implicated_C4
44	[60, 71, 76, 91]	2	24	false	NA	NA	NA	NA	NA	21	NA	91	retains_human_implicated_C4
44	[60, 76, 79, 83]	2	24	false	NA	NA	NA	NA	NA	21	NA	83	retains_human_implicated_C4
44	[64, 72, 79, 83]	2	24	true	false	true	false	true	29	21	false	83	high_seventh_excursion
44	[55, 60, 64, 83]	2	36	false	NA	NA	NA	NA	NA	21	NA	83	retains_human_implicated_C4
44	[59, 64, 79, 84]	2	36	true	true	true	false	true	45	21	false	84	unchanged_band_contact_guard
44	[60, 67, 71, 88]	2	36	false	NA	NA	NA	NA	NA	21	NA	88	retains_human_implicated_C4
44	[60, 71, 88, 91]	2	36	false	NA	NA	NA	NA	NA	21	NA	91	retains_human_implicated_C4
44	[60, 79, 83, 88]	2	36	false	NA	NA	NA	NA	NA	21	NA	88	retains_human_implicated_C4
44	[55, 60, 71, 88]	2	48	false	NA	NA	NA	NA	NA	21	NA	88	retains_human_implicated_C4
44	[52, 60, 67, 83]	3	36	false	NA	NA	NA	NA	NA	21	NA	83	retains_human_implicated_C4
44	[52, 60, 83, 91]	3	36	false	NA	NA	NA	NA	NA	21	NA	91	retains_human_implicated_C4
44	[52, 72, 79, 83]	3	36	true	false	true	false	true	53	21	false	83	high_seventh_excursion
44	[60, 67, 76, 83]	3	36	false	NA	NA	NA	NA	NA	21	NA	83	retains_human_implicated_C4
44	[60, 76, 83, 91]	3	36	false	NA	NA	NA	NA	NA	21	NA	91	retains_human_implicated_C4
44	[64, 67, 72, 83]	3	36	true	false	true	false	true	13	21	true	83	high_seventh_excursion
44	[64, 72, 83, 91]	3	36	true	true	true	false	true	53	21	false	91	unchanged_band_contact_guard
44	[72, 76, 79, 83]	3	36	true	true	true	false	true	51	21	false	83	unchanged_band_contact_guard
44	[52, 55, 60, 83]	3	48	false	NA	NA	NA	NA	NA	21	NA	83	retains_human_implicated_C4
44	[52, 59, 79, 84]	3	48	true	true	true	false	true	69	21	false	84	unchanged_band_contact_guard
44	[55, 60, 76, 83]	3	48	false	NA	NA	NA	NA	NA	21	NA	83	retains_human_implicated_C4
44	[55, 64, 72, 83]	3	48	true	false	true	false	true	37	21	false	83	high_seventh_excursion
44	[59, 64, 67, 84]	3	48	true	true	true	false	true	41	21	false	84	unchanged_band_contact_guard
44	[59, 64, 84, 91]	3	48	true	true	true	false	true	69	21	false	91	unchanged_band_contact_guard
44	[59, 76, 79, 84]	3	48	true	true	true	false	true	49	21	false	84	unchanged_band_contact_guard
44	[60, 67, 83, 88]	3	48	false	NA	NA	NA	NA	NA	21	NA	88	retains_human_implicated_C4
44	[60, 83, 88, 91]	3	48	false	NA	NA	NA	NA	NA	21	NA	91	retains_human_implicated_C4
44	[72, 79, 83, 88]	3	48	true	true	true	false	true	75	21	false	88	unchanged_band_contact_guard
44	[55, 59, 64, 84]	3	60	true	true	true	false	true	65	21	false	84	unchanged_band_contact_guard
44	[55, 60, 83, 88]	3	60	false	NA	NA	NA	NA	NA	21	NA	88	retains_human_implicated_C4
44	[59, 79, 84, 88]	3	60	true	true	true	false	true	73	21	false	88	unchanged_band_contact_guard
44	[52, 67, 72, 83]	4	48	true	false	true	false	true	37	21	false	83	high_seventh_excursion
44	[52, 72, 83, 91]	4	48	true	true	true	false	true	77	21	false	91	unchanged_band_contact_guard
44	[67, 72, 76, 83]	4	48	true	false	true	false	true	27	21	false	83	high_seventh_excursion
44	[72, 76, 83, 91]	4	48	true	true	true	false	true	75	21	false	91	unchanged_band_contact_guard
44	[52, 55, 72, 83]	4	60	true	false	true	false	true	61	21	false	83	high_seventh_excursion
44	[52, 59, 67, 84]	4	60	true	true	true	false	true	65	21	false	84	unchanged_band_contact_guard
44	[52, 59, 84, 91]	4	60	true	true	true	false	true	93	21	false	91	unchanged_band_contact_guard
44	[55, 72, 76, 83]	4	60	true	false	true	false	true	41	21	false	83	high_seventh_excursion
44	[59, 67, 76, 84]	4	60	true	true	true	false	true	33	21	false	84	unchanged_band_contact_guard
44	[59, 76, 84, 91]	4	60	true	true	true	false	true	73	21	false	91	unchanged_band_contact_guard
44	[67, 72, 83, 88]	4	60	true	true	true	false	true	51	21	false	88	unchanged_band_contact_guard
44	[72, 83, 88, 91]	4	60	true	true	true	false	true	99	21	false	91	unchanged_band_contact_guard
44	[52, 55, 59, 84]	4	72	true	true	true	false	true	89	21	false	84	unchanged_band_contact_guard
44	[55, 59, 76, 84]	4	72	true	true	true	false	true	57	21	false	84	unchanged_band_contact_guard
44	[55, 72, 83, 88]	4	72	true	true	true	false	true	65	21	false	88	unchanged_band_contact_guard
44	[59, 67, 84, 88]	4	72	true	true	true	false	true	57	21	false	88	unchanged_band_contact_guard
44	[59, 84, 88, 91]	4	72	true	true	true	false	true	97	21	false	91	unchanged_band_contact_guard
44	[55, 59, 84, 88]	4	84	true	true	true	false	true	81	21	false	88	unchanged_band_contact_guard
