pad	0	3.92	61	0.24480002
pad	0	3.92	64	0.24480002
pad	0	3.92	69	0.24480002
pad	0	3.92	71	0.24480002
pad	4	3.92	64	0.24480002
pad	4	3.92	66	0.24480002
pad	4	3.92	68	0.24480002
pad	4	3.92	71	0.24480002
pad	8	3.92	62	0.24480002
pad	8	3.92	66	0.24480002
pad	8	3.92	71	0.24480002
pad	8	3.92	73	0.24480002
pad	12	3.92	57	0.24480002
pad	12	3.92	66	0.24480002
pad	12	3.92	68	0.24480002
pad	12	3.92	73	0.24480002
pad	16	3.92	59	0.24480002
pad	16	3.92	64	0.24480002
pad	16	3.92	69	0.24480002
pad	16	3.92	73	0.24480002
pad	20	3.92	59	0.24480002
pad	20	3.92	66	0.24480002
pad	20	3.92	68	0.24480002
pad	20	3.92	76	0.24480002
pad	24	3.92	59	0.24480002
pad	24	3.92	62	0.24480002
pad	24	3.92	66	0.24480002
pad	24	3.92	73	0.24480002
pad	28	3.92	57	0.24480002
pad	28	3.92	66	0.24480002
pad	28	3.92	68	0.24480002
pad	28	3.92	73	0.24480002
pad	32	3.92	59	0.24480002
pad	32	3.92	64	0.24480002
pad	32	3.92	69	0.24480002
pad	32	3.92	73	0.24480002
pad	36	3.92	59	0.24480002
pad	36	3.92	66	0.24480002
pad	36	3.92	68	0.24480002
pad	36	3.92	76	0.24480002
pad	40	3.92	59	0.24480002
pad	40	3.92	62	0.24480002
pad	40	3.92	66	0.24480002
pad	40	3.92	73	0.24480002
pad	44	3.92	62	0.24480002
pad	44	3.92	64	0.24480002
pad	44	3.92	66	0.24480002
pad	44	3.92	69	0.24480002
pad	48	3.92	61	0.24480002
pad	48	3.92	64	0.24480002
pad	48	3.92	69	0.24480002
pad	48	3.92	71	0.24480002
pad	52	3.92	64	0.24480002
pad	52	3.92	66	0.24480002
pad	52	3.92	68	0.24480002
pad	52	3.92	71	0.24480002
pad	56	3.92	62	0.24480002
pad	56	3.92	66	0.24480002
pad	56	3.92	71	0.24480002
pad	56	3.92	73	0.24480002
pad	60	3.92	57	0.24480002
pad	60	3.92	66	0.24480002
pad	60	3.92	68	0.24480002
pad	60	3.92	73	0.24480002
pad	64	3.92	59	0.24480002
pad	64	3.92	64	0.24480002
pad	64	3.92	69	0.24480002
pad	64	3.92	73	0.24480002
pad	68	3.92	59	0.24480002
pad	68	3.92	66	0.24480002
pad	68	3.92	68	0.24480002
pad	68	3.92	76	0.24480002
pad	72	3.92	59	0.24480002
pad	72	3.92	62	0.24480002
pad	72	3.92	66	0.24480002
pad	72	3.92	73	0.24480002
pad	76	3.92	57	0.24480002
pad	76	3.92	66	0.24480002
pad	76	3.92	68	0.24480002
pad	76	3.92	73	0.24480002
pad	80	3.92	59	0.24480002
pad	80	3.92	64	0.24480002
pad	80	3.92	69	0.24480002
pad	80	3.92	73	0.24480002
pad	84	3.92	59	0.24480002
pad	84	3.92	66	0.24480002
pad	84	3.92	68	0.24480002
pad	84	3.92	76	0.24480002
pad	88	3.92	59	0.24480002
pad	88	3.92	62	0.24480002
pad	88	3.92	66	0.24480002
pad	88	3.92	73	0.24480002
pad	92	3.92	62	0.24480002
pad	92	3.92	64	0.24480002
pad	92	3.92	66	0.24480002
pad	92	3.92	69	0.24480002
pad	96	3.92	61	0.24480002
pad	96	3.92	64	0.24480002
pad	96	3.92	69	0.24480002
pad	96	3.92	71	0.24480002
pad	100	3.92	62	0.24480002
pad	100	3.92	66	0.24480002
pad	100	3.92	71	0.24480002
pad	100	3.92	73	0.24480002
pad	104	3.92	62	0.24480002
pad	104	3.92	64	0.24480002
pad	104	3.92	66	0.24480002
pad	104	3.92	69	0.24480002
pad	108	3.92	61	0.24480002
pad	108	3.92	64	0.24480002
pad	108	3.92	69	0.24480002
pad	108	3.92	71	0.24480002
pad	112	3.92	64	0.24480002
pad	112	3.92	66	0.24480002
pad	112	3.92	68	0.24480002
pad	112	3.92	71	0.24480002
pad	116	3.92	66	0.24480002
pad	116	3.92	69	0.24480002
pad	116	3.92	73	0.24480002
pad	116	3.92	80	0.24480002
pad	120	3.92	64	0.24480002
pad	120	3.92	66	0.24480002
pad	120	3.92	69	0.24480002
pad	120	3.92	74	0.24480002
pad	124	3.92	61	0.24480002
pad	124	3.92	64	0.24480002
pad	124	3.92	69	0.24480002
pad	124	3.92	71	0.24480002
pad	128	3.92	64	0.24480002
pad	128	3.92	66	0.24480002
pad	128	3.92	68	0.24480002
pad	128	3.92	71	0.24480002
pad	132	3.92	62	0.24480002
pad	132	3.92	66	0.24480002
pad	132	3.92	71	0.24480002
pad	132	3.92	73	0.24480002
pad	136	3.92	57	0.24480002
pad	136	3.92	66	0.24480002
pad	136	3.92	68	0.24480002
pad	136	3.92	73	0.24480002
pad	140	3.92	59	0.24480002
pad	140	3.92	64	0.24480002
pad	140	3.92	69	0.24480002
pad	140	3.92	73	0.24480002
pad	144	3.92	59	0.24480002
pad	144	3.92	66	0.24480002
pad	144	3.92	68	0.24480002
pad	144	3.92	76	0.24480002
pad	148	3.92	59	0.24480002
pad	148	3.92	62	0.24480002
pad	148	3.92	66	0.24480002
pad	148	3.92	73	0.24480002
pad	152	3.92	62	0.24480002
pad	152	3.92	64	0.24480002
pad	152	3.92	66	0.24480002
pad	152	3.92	69	0.24480002
pad	156	3.92	61	0.24480002
pad	156	3.92	64	0.24480002
pad	156	3.92	69	0.24480002
pad	156	3.92	71	0.24480002
pad	160	3.92	62	0.24480002
pad	160	3.92	66	0.24480002
pad	160	3.92	71	0.24480002
pad	160	3.92	73	0.24480002
pad	164	3.92	62	0.24480002
pad	164	3.92	64	0.24480002
pad	164	3.92	66	0.24480002
pad	164	3.92	69	0.24480002
pad	168	3.92	61	0.24480002
pad	168	3.92	64	0.24480002
pad	168	3.92	69	0.24480002
pad	168	3.92	71	0.24480002
pad	172	3.92	64	0.24480002
pad	172	3.92	66	0.24480002
pad	172	3.92	68	0.24480002
pad	172	3.92	71	0.24480002
keys	0.5	0.8	76	0.25287503
keys	0.5	0.8	73	0.25287503
keys	0.5	0.8	71	0.25287503
keys	1.5	0.9	73	0.25287503
keys	1.5	0.9	71	0.25287503
keys	3.5	0.45	76	0.25287503
keys	3.5	0.45	73	0.25287503
keys	3.5	0.45	71	0.25287503
keys	5.5	0.45	78	0.25287503
keys	5.5	0.45	71	0.25287503
keys	5.5	0.45	68	0.25287503
keys	11.5	0.45	78	0.25287503
keys	11.5	0.45	74	0.25287503
keys	11.5	0.45	73	0.25287503
keys	13.5	0.8	80	0.25287503
keys	13.5	0.8	73	0.25287503
keys	13.5	0.8	69	0.25287503
keys	14.5	0.8	80	0.25287503
keys	14.5	0.8	69	0.25287503
keys	15.5	0.45	80	0.25287503
keys	15.5	0.45	73	0.25287503
keys	15.5	0.45	69	0.25287503
keys	18.5	0.8	76	0.25287503
keys	18.5	0.8	73	0.25287503
keys	18.5	0.8	71	0.25287503
keys	19.5	0.45	73	0.25287503
keys	19.5	0.45	71	0.25287503
keys	20.5	0.8	78	0.25287503
keys	20.5	0.8	71	0.25287503
keys	20.5	0.8	68	0.25287503
keys	21.5	0.9	78	0.25287503
keys	21.5	0.9	68	0.25287503
keys	23.5	0.45	78	0.25287503
keys	23.5	0.45	71	0.25287503
keys	23.5	0.45	68	0.25287503
keys	24.5	0.9	78	0.25287503
keys	24.5	0.9	74	0.25287503
keys	24.5	0.9	73	0.25287503
keys	26.5	0.8	74	0.25287503
keys	26.5	0.8	73	0.25287503
keys	27.5	0.45	78	0.25287503
keys	27.5	0.45	74	0.25287503
keys	27.5	0.45	73	0.25287503
keys	28.5	0.8	80	0.25287503
keys	28.5	0.8	73	0.25287503
keys	28.5	0.8	69	0.25287503
keys	29.5	0.9	80	0.25287503
keys	29.5	0.9	69	0.25287503
keys	31.5	0.45	80	0.25287503
keys	31.5	0.45	73	0.25287503
keys	31.5	0.45	69	0.25287503
keys	32.5	0.8	76	0.25287503
keys	32.5	0.8	73	0.25287503
keys	32.5	0.8	71	0.25287503
keys	33.5	0.9	73	0.25287503
keys	33.5	0.9	71	0.25287503
keys	35.5	0.45	76	0.25287503
keys	35.5	0.45	73	0.25287503
keys	35.5	0.45	71	0.25287503
keys	36.5	0.9	78	0.25287503
keys	36.5	0.9	71	0.25287503
keys	36.5	0.9	68	0.25287503
keys	38.5	0.45	78	0.25287503
keys	38.5	0.45	68	0.25287503
keys	39.5	0.5	71	0.2787947
keys	41.5	0.8	78	0.25287503
keys	41.5	0.8	74	0.25287503
keys	41.5	0.8	73	0.25287503
keys	42.5	0.8	74	0.25287503
keys	42.5	0.8	73	0.25287503
keys	43.5	0.45	78	0.25287503
keys	43.5	0.45	74	0.25287503
keys	43.5	0.45	73	0.25287503
keys	44.5	0.8	78	0.25287503
keys	44.5	0.8	76	0.25287503
keys	44.5	0.8	69	0.25287503
keys	45.5	0.8	78	0.25287503
keys	45.5	0.8	76	0.25287503
keys	46.5	0.45	78	0.25287503
keys	46.5	0.45	76	0.25287503
keys	46.5	0.45	69	0.25287503
keys	48.5	0.8	76	0.25287503
keys	48.5	0.8	73	0.25287503
keys	48.5	0.8	71	0.25287503
keys	49.5	0.9	73	0.25287503
keys	49.5	0.9	71	0.25287503
keys	51.5	0.45	76	0.25287503
keys	51.5	0.45	73	0.25287503
keys	51.5	0.45	71	0.25287503
keys	52.5	0.8	78	0.25287503
keys	52.5	0.8	71	0.25287503
keys	52.5	0.8	68	0.25287503
keys	53.5	0.9	78	0.25287503
keys	53.5	0.9	68	0.25287503
keys	55.5	0.45	78	0.25287503
keys	55.5	0.45	71	0.25287503
keys	55.5	0.45	68	0.25287503
keys	57.5	0.8	78	0.25287503
keys	57.5	0.8	74	0.25287503
keys	57.5	0.8	73	0.25287503
keys	58.5	0.8	74	0.25287503
keys	58.5	0.8	73	0.25287503
keys	59.5	0.45	78	0.25287503
keys	59.5	0.45	74	0.25287503
keys	59.5	0.45	73	0.25287503
keys	61.5	0.8	80	0.25287503
keys	61.5	0.8	73	0.25287503
keys	61.5	0.8	69	0.25287503
keys	62.5	0.8	80	0.25287503
keys	62.5	0.8	69	0.25287503
keys	63.5	0.45	80	0.25287503
keys	63.5	0.45	73	0.25287503
keys	63.5	0.45	69	0.25287503
keys	64.5	0.8	76	0.25287503
keys	64.5	0.8	73	0.25287503
keys	64.5	0.8	71	0.25287503
keys	65.5	0.9	73	0.25287503
keys	65.5	0.9	71	0.25287503
keys	67.5	0.45	76	0.25287503
keys	67.5	0.45	73	0.25287503
keys	67.5	0.45	71	0.25287503
keys	69.5	0.8	78	0.25287503
keys	69.5	0.8	71	0.25287503
keys	69.5	0.8	68	0.25287503
keys	70.5	0.8	78	0.25287503
keys	70.5	0.8	68	0.25287503
keys	71.5	0.45	78	0.25287503
keys	71.5	0.45	71	0.25287503
keys	71.5	0.45	68	0.25287503
keys	72.5	0.9	78	0.25287503
keys	72.5	0.9	74	0.25287503
keys	72.5	0.9	73	0.25287503
keys	74.5	0.8	74	0.25287503
keys	74.5	0.8	73	0.25287503
keys	75.5	0.45	78	0.25287503
keys	75.5	0.45	74	0.25287503
keys	75.5	0.45	73	0.25287503
keys	76.5	0.8	80	0.25287503
keys	76.5	0.8	73	0.25287503
keys	76.5	0.8	69	0.25287503
keys	77.5	0.9	80	0.25287503
keys	77.5	0.9	69	0.25287503
keys	79.5	0.45	80	0.25287503
keys	79.5	0.45	73	0.25287503
keys	79.5	0.45	69	0.25287503
keys	81.5	0.8	76	0.25287503
keys	81.5	0.8	73	0.25287503
keys	81.5	0.8	71	0.25287503
keys	82.5	0.8	73	0.25287503
keys	82.5	0.8	71	0.25287503
keys	83.5	0.45	76	0.25287503
keys	83.5	0.45	73	0.25287503
keys	83.5	0.45	71	0.25287503
keys	84.5	0.8	78	0.25287503
keys	84.5	0.8	71	0.25287503
keys	84.5	0.8	68	0.25287503
keys	85.5	0.9	78	0.25287503
keys	85.5	0.9	68	0.25287503
keys	87.5	0.45	78	0.25287503
keys	87.5	0.45	71	0.25287503
keys	87.5	0.45	68	0.25287503
keys	88.5	0.8	78	0.25287503
keys	88.5	0.8	74	0.25287503
keys	88.5	0.8	73	0.25287503
keys	89.5	0.9	74	0.25287503
keys	89.5	0.9	73	0.25287503
keys	91.5	0.45	78	0.25287503
keys	91.5	0.45	74	0.25287503
keys	91.5	0.45	73	0.25287503
keys	92.5	0.8	78	0.25287503
keys	92.5	0.8	76	0.25287503
keys	92.5	0.8	69	0.25287503
keys	93.5	0.9	78	0.25287503
keys	93.5	0.9	76	0.25287503
keys	95.5	0.45	78	0.25287503
keys	95.5	0.45	76	0.25287503
keys	95.5	0.45	69	0.25287503
keys	96.5	0.8	76	0.25287503
keys	96.5	0.8	73	0.25287503
keys	96.5	0.8	71	0.25287503
keys	97.5	0.8	73	0.25287503
keys	97.5	0.8	71	0.25287503
keys	98.5	0.45	76	0.25287503
keys	98.5	0.45	73	0.25287503
keys	98.5	0.45	71	0.25287503
keys	100.5	0.8	78	0.25287503
keys	100.5	0.8	74	0.25287503
keys	100.5	0.8	73	0.25287503
keys	101.5	0.9	74	0.25287503
keys	101.5	0.9	73	0.25287503
keys	103.5	0.45	78	0.25287503
keys	103.5	0.45	74	0.25287503
keys	103.5	0.45	73	0.25287503
keys	105.5	0.8	78	0.25287503
keys	105.5	0.8	76	0.25287503
keys	105.5	0.8	69	0.25287503
keys	106.5	0.8	78	0.25287503
keys	106.5	0.8	76	0.25287503
keys	107.5	0.45	78	0.25287503
keys	107.5	0.45	76	0.25287503
keys	107.5	0.45	69	0.25287503
keys	109.5	0.8	76	0.25287503
keys	109.5	0.8	73	0.25287503
keys	109.5	0.8	71	0.25287503
keys	110.5	0.8	73	0.25287503
keys	110.5	0.8	71	0.25287503
keys	111.5	0.45	76	0.25287503
keys	111.5	0.45	73	0.25287503
keys	111.5	0.45	71	0.25287503
keys	112.5	0.9	78	0.25287503
keys	112.5	0.9	71	0.25287503
keys	112.5	0.9	68	0.25287503
keys	114.5	0.8	78	0.25287503
keys	114.5	0.8	68	0.25287503
keys	115.5	0.45	78	0.25287503
keys	115.5	0.45	71	0.25287503
keys	115.5	0.45	68	0.25287503
keys	117.5	0.8	80	0.25287503
keys	117.5	0.8	73	0.25287503
keys	117.5	0.8	69	0.25287503
keys	118.5	0.8	80	0.25287503
keys	118.5	0.8	69	0.25287503
keys	119.5	0.45	80	0.25287503
keys	119.5	0.45	73	0.25287503
keys	119.5	0.45	69	0.25287503
keys	120.5	0.8	78	0.25287503
keys	120.5	0.8	76	0.25287503
keys	120.5	0.8	69	0.25287503
keys	121.5	0.9	78	0.25287503
keys	121.5	0.9	76	0.25287503
keys	123.5	0.45	78	0.25287503
keys	123.5	0.45	76	0.25287503
keys	123.5	0.45	69	0.25287503
keys	124.5	0.9	76	0.25287503
keys	124.5	0.9	73	0.25287503
keys	124.5	0.9	71	0.25287503
keys	126.5	0.8	73	0.25287503
keys	126.5	0.8	71	0.25287503
keys	127.5	0.45	76	0.25287503
keys	127.5	0.45	73	0.25287503
keys	127.5	0.45	71	0.25287503
keys	129.5	0.8	78	0.25287503
keys	129.5	0.8	71	0.25287503
keys	129.5	0.8	68	0.25287503
keys	130.5	0.8	78	0.25287503
keys	130.5	0.8	68	0.25287503
keys	131.5	0.45	78	0.25287503
keys	131.5	0.45	71	0.25287503
keys	131.5	0.45	68	0.25287503
keys	132.5	0.8	78	0.25287503
keys	132.5	0.8	74	0.25287503
keys	132.5	0.8	73	0.25287503
keys	133.5	0.8	74	0.25287503
keys	133.5	0.8	73	0.25287503
keys	134.5	0.45	78	0.25287503
keys	134.5	0.45	74	0.25287503
keys	134.5	0.45	73	0.25287503
keys	137.5	0.8	80	0.25287503
keys	137.5	0.8	73	0.25287503
keys	137.5	0.8	69	0.25287503
keys	138.5	0.8	80	0.25287503
keys	138.5	0.8	69	0.25287503
keys	139.5	0.45	80	0.25287503
keys	139.5	0.45	73	0.25287503
keys	139.5	0.45	69	0.25287503
keys	140.5	0.9	76	0.25287503
keys	140.5	0.9	73	0.25287503
keys	140.5	0.9	71	0.25287503
keys	142.5	0.8	73	0.25287503
keys	142.5	0.8	71	0.25287503
keys	143.5	0.45	76	0.25287503
keys	143.5	0.45	73	0.25287503
keys	143.5	0.45	71	0.25287503
keys	144.5	0.9	78	0.25287503
keys	144.5	0.9	71	0.25287503
keys	144.5	0.9	68	0.25287503
keys	146.5	0.8	78	0.25287503
keys	146.5	0.8	68	0.25287503
keys	147.5	0.45	78	0.25287503
keys	147.5	0.45	71	0.25287503
keys	147.5	0.45	68	0.25287503
keys	148.5	0.8	78	0.25287503
keys	148.5	0.8	74	0.25287503
keys	148.5	0.8	73	0.25287503
keys	149.5	0.9	74	0.25287503
keys	149.5	0.9	73	0.25287503
keys	151.5	0.45	78	0.25287503
keys	151.5	0.45	74	0.25287503
keys	151.5	0.45	73	0.25287503
keys	152.5	0.8	78	0.25287503
keys	152.5	0.8	76	0.25287503
keys	152.5	0.8	69	0.25287503
keys	153.5	0.9	78	0.25287503
keys	153.5	0.9	76	0.25287503
keys	155.5	0.45	78	0.25287503
keys	155.5	0.45	76	0.25287503
keys	155.5	0.45	69	0.25287503
keys	157.5	0.8	76	0.25287503
keys	157.5	0.8	73	0.25287503
keys	157.5	0.8	71	0.25287503
keys	158.5	0.8	73	0.25287503
keys	158.5	0.8	71	0.25287503
keys	159.5	0.45	76	0.25287503
keys	159.5	0.45	73	0.25287503
keys	159.5	0.45	71	0.25287503
keys	160.5	0.9	78	0.25287503
keys	160.5	0.9	74	0.25287503
keys	160.5	0.9	73	0.25287503
keys	161.5	0.225	62	0.2787947
keys	161.75	0.225	62	0.26684636
keys	162	0.45	62	0.26684636
keys	163.5	0.45	74	0.25287503
keys	163.5	0.45	73	0.25287503
keys	165.5	0.8	78	0.25287503
keys	165.5	0.8	76	0.25287503
keys	165.5	0.8	69	0.25287503
keys	166.5	0.8	78	0.25287503
keys	166.5	0.8	76	0.25287503
keys	167.5	0.45	78	0.25287503
keys	167.5	0.45	76	0.25287503
keys	167.5	0.45	69	0.25287503
keys	169.5	0.8	76	0.25287503
keys	169.5	0.8	73	0.25287503
keys	169.5	0.8	71	0.25287503
keys	170.5	0.8	73	0.25287503
keys	170.5	0.8	71	0.25287503
keys	171.5	0.45	76	0.25287503
keys	171.5	0.45	73	0.25287503
keys	171.5	0.45	71	0.25287503
keys	172.5	0.8	78	0.25287503
keys	172.5	0.8	71	0.25287503
keys	172.5	0.8	68	0.25287503
keys	173.5	0.9	78	0.25287503
keys	173.5	0.9	68	0.25287503
keys	175.5	0.45	78	0.25287503
keys	175.5	0.45	71	0.25287503
keys	175.5	0.45	68	0.25287503
bass	0	1.8	45	0.4213365
bass	2	1.8	40	0.35813603
bass	4	2.85	40	0.4299793
bass	7	0.5	35	0.465644
bass	8	1.8	35	0.4213365
bass	10	1.8	42	0.35813603
bass	12	1.8	42	0.4213365
bass	14	1.8	37	0.35813603
bass	16	1.8	45	0.4213365
bass	18	1.8	40	0.35813603
bass	20	1.8	40	0.4213365
bass	22	1.8	35	0.35813603
bass	24	1.8	35	0.4213365
bass	26	1.8	42	0.35813603
bass	28	1.8	42	0.4213365
bass	30	1.8	37	0.35813603
bass	32	1.8	45	0.4213365
bass	34	1.8	40	0.35813603
bass	36	3.6	40	0.4299793
bass	40	1.8	35	0.4213365
bass	42	1.8	42	0.35813603
bass	44	1.8	38	0.4213365
bass	46	1.8	45	0.35813603
bass	48	1.8	45	0.4213365
bass	50	1.8	40	0.35813603
bass	52	1.8	40	0.4213365
bass	54	1.8	35	0.35813603
bass	56	1.8	35	0.4213365
bass	58	1.8	42	0.35813603
bass	60	1.8	42	0.4213365
bass	62	1.8	37	0.35813603
bass	64	1.8	45	0.4213365
bass	66	1.8	40	0.35813603
bass	68	1.8	40	0.4213365
bass	70	1.8	35	0.35813603
bass	72	1.8	35	0.4213365
bass	74	1.8	42	0.35813603
bass	76	1.8	42	0.4213365
bass	78	1.8	37	0.35813603
bass	80	1.8	45	0.4213365
bass	82	1.8	40	0.35813603
bass	84	1.8	40	0.4213365
bass	86	1.8	35	0.35813603
bass	88	1.8	35	0.4213365
bass	90	1.8	42	0.35813603
bass	92	1.8	38	0.4213365
bass	94	1.8	45	0.35813603
bass	96	1.8	45	0.4213365
bass	98	1.8	40	0.35813603
bass	100	1.8	35	0.4213365
bass	102	1.8	42	0.35813603
bass	104	1.8	38	0.4213365
bass	106	1.8	45	0.35813603
bass	108	1.8	45	0.4213365
bass	110	1.8	40	0.35813603
bass	112	1.8	40	0.4213365
bass	114	1.8	35	0.35813603
bass	116	1.8	42	0.4213365
bass	118	1.8	37	0.35813603
bass	120	1.8	38	0.4213365
bass	122	1.8	45	0.35813603
bass	124	1.8	45	0.4213365
bass	126	1.8	40	0.35813603
bass	128	1.8	40	0.4213365
bass	130	1.8	35	0.35813603
bass	132	1.8	35	0.4213365
bass	134	1.8	42	0.35813603
bass	136	1.8	42	0.4213365
bass	138	1.8	37	0.35813603
bass	140	1.8	45	0.4213365
bass	142	1.8	40	0.35813603
bass	144	1.8	40	0.4213365
bass	146	1.8	35	0.35813603
bass	148	1.8	35	0.4213365
bass	150	1.8	42	0.35813603
bass	152	1.8	38	0.4213365
bass	154	1.8	45	0.35813603
bass	156	1.8	45	0.4213365
bass	158	1.8	40	0.35813603
bass	160	3.6	35	0.4299793
bass	164	1.8	38	0.4213365
bass	166	1.8	45	0.35813603
bass	168	1.8	45	0.4213365
bass	170	1.8	40	0.35813603
bass	172	1.8	40	0.4213365
bass	174	1.8	35	0.35813603
lead	4	0.45	80	0.71000004
lead	4.5	0.45	85	0.6958
lead	5	0.5	85	0.6958
lead	6	0.9	88	0.71000004
lead	7	0.9	83	0.71000004
lead	7.5	0.45	83	0.71000004
lead	8	0.45	86	0.71000004
lead	8.5	0.5	86	0.6958
lead	9.5	0.9	90	0.71000004
lead	10.5	0.9	83	0.71000004
lead	16	0.45	81	0.71000004
lead	16.5	0.45	83	0.6958
lead	17	0.5	83	0.6958
lead	18	0.9	88	0.71000004
lead	19	0.9	81	0.71000004
lead	37	0.45	80	0.71000004
lead	37.5	0.45	83	0.71000004
lead	40	0.45	78	0.71000004
lead	40.5	0.45	83	0.71000004
lead	47.5	0.45	78	0.71000004
lead	48	0.45	85	0.71000004
lead	68	0.45	80	0.71000004
lead	68.5	0.45	83	0.71000004
lead	73	0.45	78	0.71000004
lead	73.5	0.45	83	0.71000004
lead	80	0.45	83	0.71000004
lead	80.5	0.45	85	0.71000004
lead	99.5	0.45	76	0.71000004
lead	100	0.45	83	0.71000004
lead	104	0.45	78	0.71000004
lead	104.5	0.45	86	0.71000004
lead	113	0.45	80	0.71000004
lead	113.5	0.45	83	0.71000004
lead	128	0.45	80	0.71000004
lead	128.5	0.45	83	0.71000004
lead	135.5	0.45	78	0.71000004
lead	136	0.45	85	0.71000004
