pad	0	1.96	60	0.21600002
pad	0	1.96	67	0.21600002
pad	0	1.96	69	0.21600002
pad	0	1.96	77	0.21600002
pad	2	1.96	60	0.21600002
pad	2	1.96	67	0.21600002
pad	2	1.96	70	0.21600002
pad	2	1.96	77	0.21600002
pad	4	1.96	60	0.21600002
pad	4	1.96	67	0.21600002
pad	4	1.96	70	0.21600002
pad	4	1.96	77	0.21600002
pad	6	1.96	62	0.21600002
pad	6	1.96	67	0.21600002
pad	6	1.96	69	0.21600002
pad	6	1.96	76	0.21600002
pad	8	2.94	62	0.21600002
pad	8	2.94	67	0.21600002
pad	8	2.94	72	0.21600002
pad	8	2.94	77	0.21600002
pad	11	0.98	60	0.21600002
pad	11	0.98	67	0.21600002
pad	11	0.98	69	0.21600002
pad	11	0.98	77	0.21600002
pad	12	3.92	62	0.21600002
pad	12	3.92	67	0.21600002
pad	12	3.92	69	0.21600002
pad	12	3.92	76	0.21600002
pad	16	1.96	62	0.25500003
pad	16	1.96	67	0.25500003
pad	16	1.96	69	0.25500003
pad	16	1.96	76	0.25500003
pad	18	1.96	60	0.25500003
pad	18	1.96	67	0.25500003
pad	18	1.96	70	0.25500003
pad	18	1.96	77	0.25500003
pad	20	1.96	60	0.25500003
pad	20	1.96	67	0.25500003
pad	20	1.96	70	0.25500003
pad	20	1.96	77	0.25500003
pad	22	1.96	62	0.25500003
pad	22	1.96	67	0.25500003
pad	22	1.96	69	0.25500003
pad	22	1.96	76	0.25500003
pad	24	2.94	67	0.25500003
pad	24	2.94	69	0.25500003
pad	24	2.94	72	0.25500003
pad	24	2.94	77	0.25500003
pad	27	0.98	67	0.25500003
pad	27	0.98	69	0.25500003
pad	27	0.98	72	0.25500003
pad	27	0.98	77	0.25500003
pad	28	3.92	67	0.25500003
pad	28	3.92	69	0.25500003
pad	28	3.92	72	0.25500003
pad	28	3.92	77	0.25500003
pad	32	2.94	64	0.21600002
pad	32	2.94	67	0.21600002
pad	32	2.94	69	0.21600002
pad	32	2.94	74	0.21600002
pad	35	0.98	65	0.21600002
pad	35	0.98	67	0.21600002
pad	35	0.98	69	0.21600002
pad	35	0.98	72	0.21600002
pad	36	1.47	64	0.21600002
pad	36	1.47	67	0.21600002
pad	36	1.47	69	0.21600002
pad	36	1.47	74	0.21600002
pad	37.5	0.49	67	0.21600002
pad	37.5	0.49	70	0.21600002
pad	37.5	0.49	74	0.21600002
pad	37.5	0.49	81	0.21600002
pad	38	1.96	65	0.21600002
pad	38	1.96	67	0.21600002
pad	38	1.96	69	0.21600002
pad	38	1.96	72	0.21600002
pad	40	1.47	64	0.21600002
pad	40	1.47	67	0.21600002
pad	40	1.47	69	0.21600002
pad	40	1.47	74	0.21600002
pad	41.5	0.49	67	0.21600002
pad	41.5	0.49	70	0.21600002
pad	41.5	0.49	74	0.21600002
pad	41.5	0.49	81	0.21600002
pad	42	1.96	64	0.21600002
pad	42	1.96	67	0.21600002
pad	42	1.96	69	0.21600002
pad	42	1.96	74	0.21600002
pad	44	3.92	60	0.21600002
pad	44	3.92	65	0.21600002
pad	44	3.92	67	0.21600002
pad	44	3.92	74	0.21600002
pad	48	1.96	60	0.21600002
pad	48	1.96	67	0.21600002
pad	48	1.96	69	0.21600002
pad	48	1.96	77	0.21600002
pad	50	1.96	60	0.21600002
pad	50	1.96	67	0.21600002
pad	50	1.96	70	0.21600002
pad	50	1.96	77	0.21600002
pad	52	1.96	60	0.21600002
pad	52	1.96	67	0.21600002
pad	52	1.96	70	0.21600002
pad	52	1.96	77	0.21600002
pad	54	1.96	62	0.21600002
pad	54	1.96	67	0.21600002
pad	54	1.96	69	0.21600002
pad	54	1.96	76	0.21600002
pad	56	2.94	67	0.21600002
pad	56	2.94	69	0.21600002
pad	56	2.94	72	0.21600002
pad	56	2.94	77	0.21600002
pad	59	0.98	67	0.21600002
pad	59	0.98	69	0.21600002
pad	59	0.98	72	0.21600002
pad	59	0.98	77	0.21600002
pad	60	3.92	67	0.21600002
pad	60	3.92	69	0.21600002
pad	60	3.92	72	0.21600002
pad	60	3.92	77	0.21600002
keys	1.5	0.8	77	0.223125
keys	1.5	0.8	72	0.223125
keys	1.5	0.8	72	0.223125
keys	2.5	0.8	79	0.223125
keys	2.5	0.8	70	0.223125
keys	3.5	0.45	79	0.223125
keys	3.5	0.45	72	0.223125
keys	3.5	0.45	70	0.223125
keys	4.5	0.9	79	0.223125
keys	4.5	0.9	72	0.223125
keys	4.5	0.9	70	0.223125
keys	6.5	0.8	74	0.223125
keys	6.5	0.8	69	0.223125
keys	7.5	0.45	79	0.223125
keys	7.5	0.45	74	0.223125
keys	7.5	0.45	69	0.223125
keys	9.5	0.8	77	0.223125
keys	9.5	0.8	72	0.223125
keys	9.5	0.8	67	0.223125
keys	10.5	0.8	72	0.223125
keys	10.5	0.8	65	0.223125
keys	11.5	0.45	79	0.223125
keys	11.5	0.45	72	0.223125
keys	11.5	0.45	69	0.223125
keys	12.5	0.9	79	0.223125
keys	12.5	0.9	74	0.223125
keys	12.5	0.9	69	0.223125
keys	14.5	0.45	74	0.223125
keys	14.5	0.45	69	0.223125
keys	15.5	0.5	69	0.23896685
keys	17.5	0.9	79	0.223125
keys	17.5	0.9	74	0.223125
keys	17.5	0.9	69	0.223125
keys	19.5	0.45	79	0.223125
keys	19.5	0.45	70	0.223125
keys	21.5	0.9	79	0.223125
keys	21.5	0.9	74	0.223125
keys	21.5	0.9	67	0.223125
keys	23.5	0.45	74	0.223125
keys	23.5	0.45	69	0.223125
keys	25.5	0.9	77	0.223125
keys	25.5	0.9	72	0.223125
keys	25.5	0.9	67	0.223125
keys	27.5	0.45	69	0.223125
keys	27.5	0.45	67	0.223125
keys	30.5	0.8	77	0.223125
keys	30.5	0.8	72	0.223125
keys	30.5	0.8	67	0.223125
keys	31.5	0.45	72	0.223125
keys	31.5	0.45	67	0.223125
keys	34.5	0.8	69	0.2625
keys	34.5	0.8	69	0.2625
keys	34.5	0.8	69	0.2625
keys	35.5	0.45	69	0.2625
keys	35.5	0.45	67	0.2625
keys	36.5	0.9	74	0.2625
keys	36.5	0.9	69	0.2625
keys	36.5	0.9	67	0.2625
keys	39.5	0.45	69	0.2625
keys	39.5	0.45	67	0.2625
keys	42.5	0.8	74	0.2625
keys	42.5	0.8	69	0.2625
keys	42.5	0.8	67	0.2625
keys	43.5	0.45	74	0.2625
keys	43.5	0.45	69	0.2625
keys	44.5	0.9	72	0.2625
keys	44.5	0.9	67	0.2625
keys	44.5	0.9	65	0.2625
keys	47.5	0.45	72	0.2625
keys	47.5	0.45	67	0.2625
keys	48.5	0.45	72	0.223125
keys	48.5	0.45	69	0.223125
keys	48.5	0.45	67	0.223125
keys	50.5	0.225	72	0.24599528
keys	50.75	0.225	79	0.23545262
keys	51	0.45	77	0.23545262
keys	52.5	0.8	72	0.223125
keys	52.5	0.8	70	0.223125
keys	52.5	0.8	67	0.223125
keys	53.5	0.9	67	0.223125
keys	53.5	0.9	67	0.223125
keys	55.5	0.45	74	0.223125
keys	55.5	0.45	69	0.223125
keys	55.5	0.45	67	0.223125
keys	56.5	0.8	77	0.223125
keys	56.5	0.8	72	0.223125
keys	56.5	0.8	67	0.223125
keys	57.5	0.9	72	0.223125
keys	57.5	0.9	67	0.223125
keys	59.5	0.45	72	0.223125
keys	59.5	0.45	69	0.223125
keys	59.5	0.45	67	0.223125
keys	60.5	0.9	77	0.223125
keys	60.5	0.9	72	0.223125
keys	60.5	0.9	67	0.223125
keys	62.5	0.8	72	0.223125
keys	62.5	0.8	67	0.223125
keys	63.5	0.45	77	0.223125
keys	63.5	0.45	72	0.223125
keys	63.5	0.45	67	0.223125
bass	16	1.8	43	0.3755805
bass	18	1.8	36	0.31924343
bass	20	1.8	41	0.3755805
bass	22	1.8	38	0.31924343
bass	24	1.8	41	0.3755805
bass	26	1.8	36	0.31924343
bass	28	2.85	41	0.3793935
bass	31	0.95	43	0.42331275
bass	32	1.8	43	0.3755805
bass	34	0.97	38	0.31924343
bass	36	1.8	43	0.3755805
bass	38	1.8	36	0.31924343
bass	40	1.8	43	0.3755805
bass	42	1.8	38	0.31924343
bass	44	1.8	41	0.3755805
bass	46	1.8	36	0.31924343
bass	48	3.6	41	0.3793935
bass	52	1.8	41	0.3755805
bass	54	1.8	38	0.31924343
bass	56	1.8	41	0.37176752
bass	58	1.8	36	0.3160024
bass	60	1.8	41	0.37176752
bass	62	1.8	36	0.3160024
lead	0	0.81483835	81	0.71095955
lead	1	0.7335356	81	0.71660805
lead	2	0.8326265	82	0.6410848
lead	3	0.8351677	84	0.59546953
lead	4	0.88212353	84	0.7414589
lead	5	0.78920114	82	0.67167914
lead	6	0.8029374	81	0.7234159
lead	7	0.7276617	79	0.72836685
lead	8	0.8550602	77	0.75638664
lead	9	0.6098802	77	0.74462366
lead	10	0.73125994	79	0.6758095
lead	11	0.7608022	81	0.71246266
lead	12	1.03276	81	0.77120245
lead	13.5	0.34728017	79	0.7455798
lead	14	1.5101814	79	0.67608833
lead	16	0.6920146	81	0.7208246
lead	17	0.7637636	81	0.7329308
lead	18	0.7296828	82	0.7810366
lead	19	0.8173823	84	0.59601116
lead	20	0.659456	84	0.596203
lead	21	0.77121514	82	0.7641985
lead	22	0.780688	81	0.6032272
lead	23	0.69223666	79	0.75357646
lead	24	0.6733647	77	0.73331326
lead	25	0.85784376	77	0.6478563
lead	26	0.68052346	79	0.6308575
lead	27	0.8906493	81	0.61494243
lead	28	0.98159283	79	0.651361
lead	29.5	0.33569318	77	0.8514066
lead	30	1.7233825	77	0.71672046
lead	32	0.8357982	79	0.74800086
lead	33	0.7966562	79	0.6421432
lead	34	0.6391598	81	0.63952696
lead	35	0.589521	77	0.60925776
lead	36	0.8696836	79	0.6854787
lead	37	0.35368812	81	0.7124713
lead	37.5	0.3817465	82	0.8149834
lead	38	0.6204707	81	0.6186029
lead	39	0.84990525	77	0.6694619
lead	40	0.6377937	79	0.7717081
lead	41	0.37865156	81	0.61974514
lead	41.5	0.30222476	82	0.73854667
lead	42	0.7090388	81	0.62532634
lead	43	0.7146545	79	0.6164408
lead	44	0.6119377	77	0.7650115
lead	45	0.76322114	79	0.7634265
lead	46	1.7019398	72	0.5953415
lead	48	0.6320687	81	0.64990926
lead	49	0.7759543	81	0.8328756
lead	50	0.7314303	82	0.76456475
lead	51	0.7134059	84	0.7145778
lead	52	0.7232669	84	0.8180587
lead	53	0.6443066	82	0.7149027
lead	54	0.6179551	81	0.80269986
lead	55	0.65074396	79	0.79067373
lead	56	0.77541864	77	0.7899359
lead	57	0.78099835	77	0.6660668
lead	58	0.7095703	79	0.6866112
lead	59	0.79638934	81	0.6496766
lead	60	1.2233608	79	0.6989933
lead	61.5	0.43865433	77	0.84931505
lead	62	1.4504486	77	0.7090329
