pad	0	2.94	58	0.20160002
pad	0	2.94	62	0.20160002
pad	0	2.94	65	0.20160002
pad	0	2.94	69	0.20160002
pad	3	0.98	60	0.20160002
pad	3	0.98	65	0.20160002
pad	3	0.98	70	0.20160002
pad	3	0.98	74	0.20160002
pad	4	1.96	60	0.20160002
pad	4	1.96	65	0.20160002
pad	4	1.96	70	0.20160002
pad	4	1.96	74	0.20160002
pad	6	1.96	60	0.20160002
pad	6	1.96	64	0.20160002
pad	6	1.96	67	0.20160002
pad	6	1.96	74	0.20160002
pad	8	2.94	58	0.20160002
pad	8	2.94	65	0.20160002
pad	8	2.94	67	0.20160002
pad	8	2.94	74	0.20160002
pad	11	0.98	57	0.20160002
pad	11	0.98	64	0.20160002
pad	11	0.98	67	0.20160002
pad	11	0.98	74	0.20160002
pad	12	3.92	57	0.20160002
pad	12	3.92	64	0.20160002
pad	12	3.92	67	0.20160002
pad	12	3.92	74	0.20160002
pad	16	2.94	67	0.238
pad	16	2.94	70	0.238
pad	16	2.94	74	0.238
pad	16	2.94	81	0.238
pad	19	0.98	58	0.238
pad	19	0.98	65	0.238
pad	19	0.98	67	0.238
pad	19	0.98	72	0.238
pad	20	1.96	58	0.238
pad	20	1.96	65	0.238
pad	20	1.96	67	0.238
pad	20	1.96	72	0.238
pad	22	1.96	57	0.238
pad	22	1.96	64	0.238
pad	22	1.96	67	0.238
pad	22	1.96	72	0.238
pad	24	2.94	62	0.238
pad	24	2.94	65	0.238
pad	24	2.94	67	0.238
pad	24	2.94	70	0.238
pad	27	0.98	62	0.238
pad	27	0.98	67	0.238
pad	27	0.98	69	0.238
pad	27	0.98	76	0.238
pad	28	3.92	62	0.238
pad	28	3.92	67	0.238
pad	28	3.92	70	0.238
pad	28	3.92	77	0.238
pad	32	2.94	62	0.20160002
pad	32	2.94	67	0.20160002
pad	32	2.94	69	0.20160002
pad	32	2.94	76	0.20160002
pad	35	0.98	62	0.20160002
pad	35	0.98	67	0.20160002
pad	35	0.98	70	0.20160002
pad	35	0.98	77	0.20160002
pad	36	1.47	62	0.20160002
pad	36	1.47	67	0.20160002
pad	36	1.47	69	0.20160002
pad	36	1.47	76	0.20160002
pad	37.5	2.45	58	0.20160002
pad	37.5	2.45	62	0.20160002
pad	37.5	2.45	69	0.20160002
pad	37.5	2.45	72	0.20160002
pad	40	1.47	60	0.20160002
pad	40	1.47	67	0.20160002
pad	40	1.47	69	0.20160002
pad	40	1.47	76	0.20160002
pad	41.5	1.47	62	0.20160002
pad	41.5	1.47	69	0.20160002
pad	41.5	1.47	72	0.20160002
pad	41.5	1.47	76	0.20160002
pad	43	0.98	60	0.20160002
pad	43	0.98	67	0.20160002
pad	43	0.98	69	0.20160002
pad	43	0.98	76	0.20160002
pad	44	3.92	62	0.20160002
pad	44	3.92	65	0.20160002
pad	44	3.92	67	0.20160002
pad	44	3.92	72	0.20160002
pad	48	2.94	62	0.20160002
pad	48	2.94	65	0.20160002
pad	48	2.94	69	0.20160002
pad	48	2.94	72	0.20160002
pad	51	0.98	60	0.20160002
pad	51	0.98	65	0.20160002
pad	51	0.98	70	0.20160002
pad	51	0.98	74	0.20160002
pad	52	1.96	60	0.20160002
pad	52	1.96	65	0.20160002
pad	52	1.96	70	0.20160002
pad	52	1.96	74	0.20160002
pad	54	1.96	60	0.20160002
pad	54	1.96	64	0.20160002
pad	54	1.96	67	0.20160002
pad	54	1.96	74	0.20160002
pad	56	2.94	58	0.20160002
pad	56	2.94	65	0.20160002
pad	56	2.94	67	0.20160002
pad	56	2.94	74	0.20160002
pad	59	0.98	57	0.20160002
pad	59	0.98	64	0.20160002
pad	59	0.98	67	0.20160002
pad	59	0.98	74	0.20160002
pad	60	3.92	58	0.20160002
pad	60	3.92	65	0.20160002
pad	60	3.92	67	0.20160002
pad	60	3.92	74	0.20160002
keys	0.5	0.9	74	0.20825
keys	0.5	0.9	72	0.20825
keys	0.5	0.9	69	0.20825
keys	2.5	0.8	72	0.20825
keys	2.5	0.8	70	0.20825
keys	3.5	0.45	77	0.20825
keys	3.5	0.45	72	0.20825
keys	3.5	0.45	70	0.20825
keys	5.5	0.8	79	0.20825
keys	5.5	0.8	72	0.20825
keys	5.5	0.8	72	0.20825
keys	6.5	0.8	79	0.20825
keys	6.5	0.8	72	0.20825
keys	7.5	0.45	79	0.20825
keys	7.5	0.45	72	0.20825
keys	7.5	0.45	69	0.20825
keys	8.5	0.8	79	0.20825
keys	8.5	0.8	77	0.20825
keys	8.5	0.8	70	0.20825
keys	9.5	0.9	77	0.20825
keys	9.5	0.9	70	0.20825
keys	11.5	0.45	79	0.20825
keys	11.5	0.45	74	0.20825
keys	11.5	0.45	69	0.20825
keys	12.5	0.9	79	0.20825
keys	12.5	0.9	74	0.20825
keys	12.5	0.9	69	0.20825
keys	14.5	0.45	74	0.20825
keys	14.5	0.45	69	0.20825
keys	15.5	0.5	74	0.22959559
keys	16.5	0.9	79	0.20825
keys	16.5	0.9	74	0.20825
keys	16.5	0.9	69	0.20825
keys	19.5	0.45	77	0.20825
keys	19.5	0.45	72	0.20825
keys	22.5	0.8	79	0.20825
keys	22.5	0.8	72	0.20825
keys	22.5	0.8	69	0.20825
keys	23.5	0.45	79	0.20825
keys	23.5	0.45	72	0.20825
keys	24.5	0.9	79	0.20825
keys	24.5	0.9	77	0.20825
keys	24.5	0.9	70	0.20825
keys	27.5	0.45	74	0.20825
keys	27.5	0.45	69	0.20825
keys	28.5	0.9	79	0.20825
keys	28.5	0.9	77	0.20825
keys	28.5	0.9	70	0.20825
keys	31.5	0.45	77	0.20825
keys	31.5	0.45	70	0.20825
keys	34.5	0.8	79	0.24499999
keys	34.5	0.8	74	0.24499999
keys	34.5	0.8	67	0.24499999
keys	35.5	0.45	77	0.24499999
keys	35.5	0.45	70	0.24499999
keys	38.5	0.8	79	0.24499999
keys	38.5	0.8	74	0.24499999
keys	38.5	0.8	69	0.24499999
keys	39.5	0.45	74	0.24499999
keys	39.5	0.45	69	0.24499999
keys	40.5	0.9	74	0.24499999
keys	40.5	0.9	72	0.24499999
keys	40.5	0.9	67	0.24499999
keys	43.5	0.45	72	0.24499999
keys	43.5	0.45	67	0.24499999
keys	44.5	0.9	74	0.24499999
keys	44.5	0.9	67	0.24499999
keys	44.5	0.9	65	0.24499999
keys	47.5	0.45	74	0.24499999
keys	47.5	0.45	65	0.24499999
keys	51.5	0.45	77	0.20825
keys	51.5	0.45	72	0.20825
keys	51.5	0.45	70	0.20825
keys	52.5	0.8	77	0.20825
keys	52.5	0.8	72	0.20825
keys	52.5	0.8	70	0.20825
keys	53.5	0.9	79	0.20825
keys	53.5	0.9	72	0.20825
keys	55.5	0.45	79	0.20825
keys	55.5	0.45	72	0.20825
keys	55.5	0.45	69	0.20825
keys	56.5	0.9	79	0.20825
keys	56.5	0.9	77	0.20825
keys	56.5	0.9	70	0.20825
keys	58.5	0.8	79	0.20825
keys	58.5	0.8	69	0.20825
keys	59.5	0.45	79	0.20825
keys	59.5	0.45	74	0.20825
keys	59.5	0.45	69	0.20825
keys	60.5	0.9	79	0.20825
keys	60.5	0.9	77	0.20825
keys	60.5	0.9	70	0.20825
keys	62.5	0.8	77	0.20825
keys	62.5	0.8	70	0.20825
keys	63.5	0.45	79	0.20825
keys	63.5	0.45	77	0.20825
keys	63.5	0.45	70	0.20825
bass	16	1.8	34	0.3505418
bass	18	1.8	41	0.29796055
bass	20	1.8	34	0.3505418
bass	22	1.8	40	0.29796055
bass	24	1.8	43	0.3505418
bass	26	1.8	38	0.29796055
bass	28	2.85	43	0.35410058
bass	31	0.95	34	0.39509186
bass	32	1.8	43	0.3505418
bass	34	1.8	38	0.29796055
bass	36	1.5	43	0.3505418
bass	38	1.8	41	0.29796055
bass	40	1.8	45	0.3505418
bass	42	0.97	41	0.29796055
bass	44	1.8	36	0.3505418
bass	46	1.8	43	0.29796055
bass	48	2.375	34	0.35410058
bass	50.5	0.225	38	0.4067122
bass	50.75	0.225	45	0.3892817
bass	56	1.8	43	0.346983
bass	58	1.8	38	0.29493555
bass	60	1.8	43	0.346983
bass	62	1.8	38	0.29493555
lead	0	0.8181543	69	0.6020008
lead	1	0.68920034	69	0.6931267
lead	2	0.63788784	70	0.78010166
lead	3	0.5885365	72	0.8531544
lead	4	0.70365644	72	0.7812435
lead	5	0.7918097	70	0.74545145
lead	6	0.66048694	69	0.75313866
lead	7	0.6727363	67	0.727692
lead	8	0.7780632	65	0.73575914
lead	9	0.84312725	65	0.8166895
lead	10	0.81578207	67	0.71116984
lead	11	0.7859747	69	0.584089
lead	12	1.0774292	69	0.6829585
lead	13.53999999910593	0.33708808	67	0.6344003
lead	14	1.660456	67	0.70122236
lead	16	0.711581	69	0.6857354
lead	17	0.7953099	69	0.8317598
lead	18	0.5882918	70	0.6609561
lead	19	0.69429237	72	0.7473835
lead	20	0.67242897	72	0.82593
lead	21	0.61895823	70	0.83327425
lead	22	0.69392616	69	0.76471364
lead	23	0.8418784	67	0.6232686
lead	24	0.80121315	65	0.5988944
lead	25	0.8294048	65	0.6032683
lead	26	0.6989337	67	0.70024854
lead	27	0.7240961	69	0.6945071
lead	28	1.0872808	67	0.6599699
lead	29.53999999910593	0.3150714	65	0.81824434
lead	30	1.7362306	65	0.8248114
lead	32	0.74622416	67	0.61368406
lead	33	0.6367159	67	0.80542445
lead	34	0.8130157	69	0.7034869
lead	35	0.774336	65	0.6950884
lead	36	0.84806156	67	0.85986984
lead	37	0.32189682	69	0.6948222
lead	37.53999999910593	0.30806994	70	0.7839047
lead	38	0.7855754	69	0.8000336
lead	39	0.790081	65	0.78205866
lead	40	0.8103622	67	0.7887471
lead	41	0.32386604	69	0.6530235
lead	41.53999999910593	0.2946635	70	0.6258202
lead	42	0.5932835	69	0.74884117
lead	43	0.8889146	67	0.75281274
lead	44	0.76844746	65	0.7597115
lead	45	0.7547951	67	0.66943395
lead	46	1.5941811	60	0.7240486
lead	48	0.61151135	69	0.6458236
lead	49	0.76768553	69	0.6738385
lead	50	0.84306836	70	0.7220756
lead	51	0.84494853	72	0.823552
lead	52	0.6054721	72	0.8029107
lead	53	0.67651075	70	0.593771
lead	54	0.79089785	69	0.66465497
lead	55	0.8964549	67	0.58709204
lead	56	0.607201	65	0.8369752
lead	57	0.880514	65	0.74747825
lead	58	0.6988171	67	0.8372443
lead	59	0.72203815	69	0.65871996
lead	60	1.2549033	67	0.7446587
lead	61.53999999910593	0.32118854	65	0.6786219
lead	62	1.4337078	65	0.62697685
